Stock Index,Stock Price
AC3235,868.0984450818189
AC3236,413.131540828468
AC3237,1309.2588007660922
AC3238,833.5565136632642
AC3239,378.3181453699639
AC3240,496.3440027434332
AC3241,844.6644448892696
AC3242,841.8136254887393
AC3243,895.297423396916
AC3244,1230.2368462424347
AC3245,451.0060413486059
AC3246,401.8765116328624
AC3247,285.40163342002506
AC3248,-345.637092940942
AC3249,-353.5441562869916
AC3250,-315.5032829568422
AC3251,1439.0444203634636
AC3252,4.515573694875798
AC3253,503.6446048637961
AC3254,83.69863385959297
AC3255,965.2713869703127
AC3256,815.2459985458279
AC3257,1317.6393143623884
AC3258,509.9390083117944
AC3259,230.61904981121836
AC3260,243.3843364884608
AC3261,106.66621938812602
AC3262,196.02619562389054
AC3263,372.03436411176494
AC3264,-39.29589081949672
AC3265,1066.071464758089
AC3266,839.7419443628835
AC3267,518.4925887837879
AC3268,750.5658543426453
AC3269,395.86378613151373
AC3270,913.3867338039563
AC3271,-119.85318793242573
AC3272,-195.39175847214335
AC3273,350.24000927948
AC3274,66.52743802580926
AC3275,14.274286785196807
AC3276,100.70096751699873
AC3277,546.3642549746512
AC3278,437.9584976460959
AC3279,-376.73758656958665
AC3280,-139.27852181386902
AC3281,856.4983609381488
AC3282,89.64644607499793
AC3283,836.2848590836065
AC3284,-592.5140727689375
AC3285,-80.64704748160017
AC3286,863.4102119678739
AC3287,285.22157758878257
AC3288,195.2547442329702
AC3289,268.3900033672462
AC3290,427.1208653466482
AC3291,101.9914468142315
AC3292,-54.10499776879425
AC3293,506.27868025370594
AC3294,246.80663654503712
AC3295,790.1140635644458
AC3296,49.19967396175912
AC3297,599.3121968384819
AC3298,797.7694674768927
AC3299,6.6496623351960125
AC3300,-80.11179929158078
AC3301,868.0513637600825
AC3302,143.23544536627617
AC3303,1133.3125724326142
AC3304,-286.8131401146178
AC3305,225.7971687644233
AC3306,238.7696121135715
AC3307,-313.5144463529241
AC3308,415.6908288237149
AC3309,344.32040533153497
AC3310,867.647128775696
AC3311,1048.7112578783087
AC3312,839.9803085555252
AC3313,-312.6294041223816
AC3314,-108.19153586067534
AC3315,-19.688422065869077
AC3316,390.418020505084
AC3317,907.3098700401531
AC3318,676.6927249114303
AC3319,1078.2879586785868
AC3320,-349.77298330970586
AC3321,46.137515347921976
AC3322,152.95190068109468
AC3323,834.4701738097745
AC3324,-29.31323390949342
AC3325,250.6805230755764
AC3326,371.37459672541036
AC3327,-140.63727840352703
AC3328,89.13339073937198
AC3329,680.2433929741551
AC3330,882.3717447744702
AC3331,556.1959992351512
AC3332,770.669811647706
AC3333,1224.8106506576412
AC3334,262.87330192481795
AC3335,671.7824220969273
AC3336,108.67344157928142
AC3337,616.9848805134427
AC3338,1411.185420395142
AC3339,785.244969694437
AC3340,-99.62658363423532
AC3341,1117.5323892475692
AC3342,1114.9104166627108
AC3343,404.7470859143758
AC3344,-78.96269044693713
AC3345,127.87978510258233
AC3346,-156.69345663229188
AC3347,278.6258374851111
AC3348,769.3319502568866
AC3349,505.5218502784405
AC3350,367.19298695066493
AC3351,800.1683344916128
AC3352,-215.6008282393247
AC3353,412.75950624553866
AC3354,332.27150379573663
AC3355,623.2403952168877
AC3356,227.20658346000448
AC3357,651.7685405208995
AC3358,1342.1589858928912
AC3359,1199.6995321201018
AC3360,1081.1532353526925
AC3361,455.1439223715689
AC3362,333.3622882532836
AC3363,750.7646991773702
AC3364,352.08395604755015
AC3365,13.65904153988322
AC3366,525.9911649546596
AC3367,476.4634093756574
AC3368,892.479340199455
AC3369,276.91684679784726
AC3370,797.7637221283394
AC3371,580.8606195000434
AC3372,519.7282027682922
AC3373,222.57978160024857
AC3374,318.6641747935564
AC3375,1028.04475491459
AC3376,437.5590255789033
AC3377,280.58685533857806
AC3378,525.1009502731263
AC3379,693.8672238167007
AC3380,-0.9657518573147854
AC3381,619.710169370408
AC3382,744.7268840035249
AC3383,9.58869477272333
AC3384,195.48604976825516
AC3385,284.5322128961034
AC3386,59.157367293620496
AC3387,337.7797128533691
AC3388,1364.3926772166444
AC3389,409.9288850836376
AC3390,478.01980434169695
AC3391,853.9231348054752
AC3392,725.1608600996399
AC3393,456.46726085615387
AC3394,698.8616338510308
AC3395,1293.1122556824794
AC3396,-202.97259329124154
AC3397,801.7376683155951
AC3398,666.3897477744135
AC3399,-190.53903472896297
AC3400,361.3183073249854
AC3401,101.74709352194304
AC3402,574.1571465197571
AC3403,234.29906622102044
AC3404,-133.93504583729305
AC3405,-43.23890810229426
AC3406,307.3396888749453
AC3407,401.2787087321392
AC3408,770.4955560570193
AC3409,1226.2765216414211
AC3410,1062.4053878994437
AC3411,960.3028765530466
AC3412,1377.2586590677297
AC3413,247.19003814882615
AC3414,373.6211350098721
AC3415,230.18142137524808
AC3416,771.4103013705301
AC3417,929.1066441858261
AC3418,159.23982422871484
AC3419,1264.6215897256209
AC3420,384.57225531972335
AC3421,421.47253320382765
AC3422,823.8106652911076
AC3423,42.64250092676025
AC3424,1196.569552677025
AC3425,348.8785758537193
AC3426,24.811840920008308
AC3427,376.9097633379067
AC3428,754.5617121913172
AC3429,880.4394429623824
AC3430,482.16180026865015
AC3431,634.4447860195735
AC3432,688.7693341244837
AC3433,293.7625515830697
AC3434,838.1295411669539
AC3435,1026.7514281597116
AC3436,438.03703707736213
AC3437,454.83587931329896
AC3438,1311.4767925000267
AC3439,85.18632886533749
AC3440,1129.4506648789506
AC3441,556.7127950457611
AC3442,-267.11636453467565
AC3443,700.683105878677
AC3444,129.99156930500305
AC3445,241.67150874625884
AC3446,759.3108424997026
AC3447,871.5601481863898
AC3448,60.0139746093987
AC3449,1021.5522709546426
AC3450,276.6195263297768
AC3451,1015.4112183764287
AC3452,803.1126629944233
AC3453,636.3092907955972
AC3454,-138.3804566404179
AC3455,710.9182425766562
AC3456,46.29023560904284
AC3457,773.8489051187648
AC3458,712.4249765800594
AC3459,1454.9882857666885
AC3460,533.5998098272055
AC3461,587.545277377945
AC3462,541.5991607564126
AC3463,1123.0402860351371
AC3464,316.62747788867216
AC3465,814.7034568664396
AC3466,171.98268131580016
AC3467,23.88537514744519
AC3468,1225.2997716117306
AC3469,363.2910930923031
AC3470,370.396423701955
AC3471,785.0189252920434
AC3472,139.2971033675267
AC3473,421.1500822870181
AC3474,443.16608410703327
AC3475,-117.45771438493375
AC3476,560.6322754287178
AC3477,818.5332226825481
AC3478,362.6564399959184
AC3479,153.51283035902475
AC3480,169.47184047987002
AC3481,1076.3236282888702
AC3482,556.0097015085182
AC3483,962.2192428179189
AC3484,872.4221512139111
AC3485,791.4593542999232
AC3486,-65.97771663400204
AC3487,293.6409990318382
AC3488,1430.6657507482412
AC3489,898.2991237403317
AC3490,1323.1794759869676
AC3491,583.2051636146439
AC3492,995.4012581441211
AC3493,-191.9791686471271
AC3494,967.2382964426988
AC3495,144.87826814688128
AC3496,1178.8459746641786
AC3497,413.8044872222472
AC3498,-130.753118619615
AC3499,467.054483337414
AC3500,254.60787675515405
AC3501,195.81979302706588
AC3502,346.1139743510164
AC3503,263.6094585274984
AC3504,1042.424191882311
AC3505,1044.4784599031425
AC3506,473.04729214445706
AC3507,838.4781345308711
AC3508,963.2629319509017
AC3509,400.34170311175694
AC3510,1127.7537336945154
AC3511,944.8818161732049
AC3512,979.8663311560579
AC3513,549.2945550133184
AC3514,62.54798624913872
AC3515,878.3143302481462
AC3516,549.115801980777
AC3517,581.54034555975
AC3518,652.7022889913683
AC3519,952.0345746206058
AC3520,1431.5753841341316
AC3521,882.2448953957839
AC3522,1139.2028934000139
AC3523,937.5827225886724
AC3524,1089.8094970465304
AC3525,772.3305774089947
AC3526,535.9742690916262
AC3527,59.42856978940961
AC3528,-115.35569614735971
AC3529,922.7679854154924
AC3530,722.7841250912957
AC3531,735.0456213327413
AC3532,840.5468203223038
AC3533,733.0465177138622
AC3534,774.6673266419589
AC3535,936.3044231697888
AC3536,171.73097223220418
AC3537,533.5685050449854
AC3538,799.9487281171212
AC3539,1148.9423918817913
AC3540,483.5415115334737
AC3541,526.9312485791446
AC3542,311.1204369943174
AC3543,1038.52057456145
AC3544,574.7817841971084
AC3545,-582.0798033264375
AC3546,-581.0762005616814
AC3547,600.4851104018876
AC3548,-88.6632785687662
AC3549,1386.664977461593
AC3550,927.9646168331578
AC3551,798.0587881341808
AC3552,453.7529500631564
AC3553,861.9470264416709
AC3554,310.5724337912475
AC3555,205.2594363473445
AC3556,965.1685209546929
AC3557,632.0361057620164
AC3558,1149.8483309846004
AC3559,689.8466654458769
AC3560,346.79054272991755
AC3561,265.5665091192717
AC3562,821.8418442266322
AC3563,996.6535676914466
AC3564,1300.2364708633572
AC3565,784.8956184028614
AC3566,375.99882617940693
AC3567,242.81491131227972
AC3568,195.1411981817672
AC3569,382.642548975065
AC3570,867.7946016658013
AC3571,589.4912865688202
AC3572,686.3531208899703
AC3573,1170.5934486532312
AC3574,658.7826365066312
AC3575,52.81030209196069
AC3576,542.350000021692
AC3577,1370.8833988976473
AC3578,-36.017594244517056
AC3579,1267.8079963586263
AC3580,191.65713972074013
AC3581,162.87204358284578
AC3582,239.9445370536572
AC3583,741.7267364076713
AC3584,277.50415267619917
AC3585,272.39614053895605
AC3586,410.611716878998
AC3587,-312.88737906128307
AC3588,564.5512691374761
AC3589,29.23919367365886
AC3590,356.6956628254228
AC3591,425.0223191758471
AC3592,237.2092422697234
AC3593,-107.99796584514894
AC3594,-29.461995058149057
AC3595,560.9519689500366
AC3596,865.3366364746398
AC3597,-100.1489227298701
AC3598,371.2908861686734
AC3599,1072.2716612832196
AC3600,1174.8684968630712
AC3601,910.9751070225743
AC3602,806.2350368708478
AC3603,1381.9456513833857
AC3604,273.6042953051018
AC3605,769.4454782248806
AC3606,1136.0546714019952
AC3607,-270.4898584080951
AC3608,990.5077788136546
AC3609,567.6228292265414
AC3610,112.63652007302721
AC3611,807.1321855805686
AC3612,-83.22646132437853
AC3613,1106.1673113211423
AC3614,720.9377846965347
AC3615,458.8339312909151
AC3616,360.12709025250285
AC3617,1144.1048795968186
AC3618,25.753448388605534
AC3619,529.3612273123232
AC3620,187.87113443261217
AC3621,895.7748972408956
AC3622,276.6738288615895
AC3623,513.918808866195
AC3624,857.8049879427383
AC3625,256.7819328980911
AC3626,63.791972901017175
AC3627,714.5233470533758
AC3628,-93.23944715559321
AC3629,-196.31370481592006
AC3630,779.3699563550626
AC3631,-103.3981527766145
AC3632,57.24838267676489
AC3633,273.7501044370855
AC3634,1240.3945652987238
AC3635,636.3871590276503
AC3636,1062.4550847452804
AC3637,388.1091213320715
AC3638,956.8207656836685
AC3639,105.49017385167008
AC3640,860.9166183986565
AC3641,565.944728426887
AC3642,302.47319381500245
AC3643,618.647058056564
AC3644,831.4074870486127
AC3645,1060.0066768763822
AC3646,667.6143027918097
AC3647,342.7178599535207
AC3648,173.47870643368162
AC3649,400.2861336472879
AC3650,706.8573518917565
AC3651,1211.2598017901453
AC3652,364.2234996430599
AC3653,617.773837622522
AC3654,1090.6263355546437
AC3655,359.60064723688504
AC3656,627.7515641704676
AC3657,990.2118881838576
AC3658,961.9761487649889
AC3659,603.7346247727544
AC3660,-34.46293637711176
AC3661,-2.4160190356302564
AC3662,479.7463991516138
AC3663,808.9621549948583
AC3664,419.2015648075844
AC3665,905.2612582454797
AC3666,391.4403748206894
AC3667,633.8567637342819
AC3668,1140.7109372180703
AC3669,1093.4469462455645
AC3670,632.7660979841924
AC3671,141.8597982497747
AC3672,343.08667981453175
AC3673,898.4617688794301
AC3674,859.7752690241532
AC3675,652.4203931297843
AC3676,1210.2245919041686
AC3677,1002.9100660874519
AC3678,1114.5242758569868
AC3679,470.1320867201812
AC3680,637.6034567401621
AC3681,697.7764498088795
AC3682,241.8706597387369
AC3683,696.8830062639036
AC3684,471.84461067881523
AC3685,323.7176301967562
AC3686,232.89298607351247
AC3687,791.2384909366451
AC3688,153.02788108901018
AC3689,889.6331110366148
AC3690,730.1122358148386
AC3691,503.9238800611058
AC3692,545.8199639200493
AC3693,40.747431864859436
AC3694,543.4962237513043
AC3695,340.88528789856923
AC3696,500.35126822929635
AC3697,371.3815417794784
AC3698,388.6707518414619
AC3699,74.88014614122119
AC3700,1044.5575191005755
AC3701,329.2938962847571
AC3702,458.50684065444125
AC3703,127.14167864245871
AC3704,229.21688770918422
AC3705,788.6627079874106
AC3706,846.7551495660919
AC3707,1290.59401205173
AC3708,1112.5103898393788
AC3709,609.5281860138346
AC3710,413.644654737784
AC3711,1098.6575287711453
AC3712,303.14209184289894
AC3713,927.3795750046565
AC3714,1258.6061191905592
AC3715,1165.1578991794793
AC3716,178.1445539902369
AC3717,820.4815577241113
AC3718,1164.8040529367142
AC3719,1000.9108444264491
AC3720,529.440427822959
AC3721,584.7831583593816
AC3722,1298.1329438175837
AC3723,572.7973374797414
AC3724,46.65917743810769
AC3725,959.3352432213769
AC3726,63.855346728269296
AC3727,752.9372314216394
AC3728,314.57209240935435
AC3729,526.4122312956684
AC3730,682.2698550159848
AC3731,985.3284286941127
AC3732,524.4846155215931
AC3733,191.3826181768958
AC3734,704.8030620442712
AC3735,326.3297013736852
AC3736,719.9730938165942
AC3737,683.6656730816326
AC3738,487.6626538441287
AC3739,-156.73395949194702
AC3740,491.2853074521903
AC3741,740.1132953930232
AC3742,852.0062079053596
AC3743,843.1250232836401
AC3744,-187.17730661925145
AC3745,271.13615696226975
AC3746,351.99176435065397
AC3747,398.873200984646
AC3748,258.49585202755384
AC3749,525.3448873786402
AC3750,1243.533529618335
AC3751,-156.75549798934668
AC3752,-129.58733715293118
AC3753,648.577186851667
AC3754,683.7586291811729
AC3755,-164.0971488338834
AC3756,429.9468469180183
AC3757,-555.9718936284943
AC3758,-569.5923958899101
AC3759,690.0551411766808
AC3760,352.26235632816656
AC3761,452.0411294767997
AC3762,500.6077909397826
AC3763,883.7741699643682
AC3764,499.56983243194054
AC3765,663.7439046094639
AC3766,551.1456486602119
AC3767,-16.07970677377233
AC3768,1137.992332766697
AC3769,1078.8910089340793
AC3770,89.36857378531067
AC3771,739.8903073794975
AC3772,498.7628327389259
AC3773,125.5472617839772
AC3774,316.85835723719515
AC3775,-270.126132015369
AC3776,610.0141045736277
AC3777,228.35490363317126
AC3778,892.4412012036692
AC3779,1533.4603201338796
AC3780,-17.728969319137605
AC3781,740.8072695711348
AC3782,-40.92319064501112
AC3783,635.9898558314533
AC3784,461.5430464221786
AC3785,446.9258301999055
AC3786,473.2864176391432
AC3787,178.931690146047
AC3788,729.232662442027
AC3789,1241.9039648540768
AC3790,930.7289527794032
AC3791,209.0390776104491
AC3792,917.6794939717811
AC3793,618.2261541624553
AC3794,831.3416408739909
AC3795,580.1033943512243
AC3796,530.4566120898912
AC3797,-57.20420152169885
AC3798,615.6925527542874
AC3799,1066.788296367775
AC3800,13.018198454504045
AC3801,313.25169457648803
AC3802,272.2536161558776
AC3803,-121.45128325647914
AC3804,-351.9746793105993
AC3805,-310.54248294159316
AC3806,785.8606743013725
AC3807,32.52227223712441
AC3808,1251.5203846888496
AC3809,539.5670921406918
AC3810,487.5006378193897
AC3811,276.8009873693811
AC3812,732.9868613102346
AC3813,1025.5129673212796
AC3814,788.1594079200727
AC3815,112.63400629324394
AC3816,848.1948608133441
AC3817,576.2456521296986
AC3818,1372.5314990126353
AC3819,188.5838051404088
AC3820,70.08102645706981
AC3821,200.9443351146598
AC3822,542.9207136012153
AC3823,407.79543610015185
AC3824,505.85683412154674
AC3825,362.4467154801588
AC3826,642.2666331452531
AC3827,764.1953673759933
AD1,293.5461590824938
AD2,528.4228458422955
AD3,-129.93323764661625
AD4,620.3538001901197
AD5,-11.107588245835814
AD6,118.79341328480461
AD7,350.98319393747147
AD8,721.1220018811748
AD9,679.4757522378466
AD10,369.990008122075
AD11,64.23963595605994
AD12,1.0224172359849035
AD13,772.4545957621901
AD14,804.8126316049811
AD15,965.1971801281209
AD16,742.9203948542256
AD17,767.467454929983
AD18,733.5156168505023
AD19,1296.0483798692399
AD20,526.5008971637952
AD21,815.2782233591424
AD22,1186.1841404109111
AD23,1334.756485488137
AD24,275.38353692126987
AD25,842.246565420151
AD26,569.169560807416
AD27,438.34033337719006
AD28,444.453685299648
AD29,740.7625035277031
AD30,1026.048573035569
AD31,564.3563062264425
AD32,383.45042430265323
AD33,481.16104381997616
AD34,494.26071934759295
AD35,692.636754176782
AD36,90.36532111348868
AD37,-283.3555212884001
AD38,1361.7606326460157
AD39,780.7338610947388
AD40,472.01137245329676
AD41,-239.25649164611366
AD42,170.993778126885
AD43,426.7238615850773
AD44,854.7267151519313
AD45,1418.5882133412365
AD46,519.7141213077575
AD47,375.4723326138426
AD48,437.9942090074743
AD49,489.94795745143654
AD50,614.7962012818066
AD51,-226.6744110604164
AD52,-161.87864274952477
AD53,477.23343956260226
AD54,2.496070442012069
AD55,662.2367395305439
AD56,1038.022696699165
AD57,873.4877690189617
AD58,1064.745373545166
AD59,648.6871941899392
AD60,823.1226121582324
AD61,856.0124979866755
AD62,1358.9277417212058
AD63,735.4332997245508
AD64,918.3468654056737
AD65,231.38826743953405
AD66,565.0324819442455
AD67,45.524016397778496
AD68,1017.8139272787184
AD69,559.4067909821451
AD70,-333.6781774281899
AD71,439.2323017071002
AD72,694.6153061411449
AD73,676.4600698054885
AD74,163.1575828506817
AD75,771.811343080783
AD76,1211.7459014630904
AD77,229.97718599193945
AD78,539.3156961512097
AD79,1302.1958722237657
AD80,790.4879802557523
AD81,1069.4862623952274
AD82,749.2775572188139
AD83,50.74922850646146
AD84,615.0371236371334
AD85,1000.8322642470494
AD86,528.082536558491
AD87,610.961324574824
AD88,657.7626284597832
AD89,-142.4824209177508
AD90,866.1088707898937
AD91,1189.7574532515291
AD92,276.61187427721916
AD93,629.1946944225933
AD94,497.71051074974446
AD95,343.22574250019295
AD96,690.9409474991885
AD97,330.65127084491917
AD98,1071.760140740442
AD99,-257.95686271753357
AD100,796.756786202066
AD101,232.72213375041053
AD102,404.28657196034465
AD103,212.41273524061467
AD104,290.71113397231056
AD105,1015.5074400663868
AD106,827.103533276734
AD107,1125.8437486124162
AD108,1110.7364475071029
AD109,96.40652666115534
AD110,652.3195451405309
AD111,547.6984698964843
AD112,1142.9375061649685
AD113,535.1848707008337
AD114,280.51818195816725
AD115,389.7235407815683
AD116,663.1070731333709
AD117,806.3474456935937
AD118,68.71945975592632
AD119,456.21056063920344
AD120,-78.02952864227956
AD121,-74.81094202888465
AD122,591.1382334564496
AD123,-303.4288648206839
AD124,636.5068827304176
AD125,671.8118908976751
AD126,429.73736394123046
AD127,1157.8708923904067
AD128,557.8966029552289
AD129,716.6351794568839
AD130,357.62613310790834
AD131,809.2116525405108
AD132,550.7726347133471
AD133,761.5543280250386
AD134,570.3360429655474
AD135,1318.4989409799896
AD136,913.0287503265713
AD137,628.0033916035081
AD138,911.0280761446329
AD139,1296.0156857720915
AD140,383.1888457713644
AD141,2.134304703868395
AD142,779.2751402920132
AD143,30.209347489583593
AD144,461.02890022155725
AD145,448.5291898006317
AD146,1085.7278485042652
AD147,934.9755246573275
AD148,818.1032932813666
AD149,1037.1614998131788
AD150,852.6107075698021
AD151,187.85526068009142
AD152,1033.7852450561181
AD153,449.6240591352339
AD154,393.03438891026553
AD155,566.4087532760657
AD156,459.48896165616
AD157,1198.885593483107
AD158,497.8155051358144
AD159,813.2569983822575
AD160,1111.2868768388792
AD161,693.9949909837244
AD162,123.22423025452758
AD163,529.8584886049061
AD164,879.5289455032762
AD165,617.3162413977773
AD166,424.50237074378504
AD167,428.38189451974506
AD168,496.30046918150606
AD169,810.6324773656709
AD170,-82.64214597594957
AD171,764.595810960381
AD172,169.7692053397226
AD173,638.4653740030417
AD174,780.7177741158318
AD175,387.3049075653297
AD176,519.4266597010437
AD177,525.7814380928462
AD178,1080.533963658924
AD179,832.427849896603
AD180,-72.40701975236533
AD181,1136.449928848512
AD182,433.05824080820616
AD183,-55.28910586402134
AD184,1178.46974308757
AD185,535.4824474000727
AD186,1147.8083728006386
AD187,639.8958182262893
AD188,-85.68182799406259
AD189,1080.8767287419685
AD190,359.4623174563018
AD191,-32.183221956479315
AD192,606.4641188881853
AD193,-292.34336467657715
AD194,322.6542719891521
AD195,588.2006026862234
AD196,911.9256286771031
AD197,1082.539645895569
AD198,280.62376767146066
AD199,-84.0830551139872
AD200,633.5587059896177
AD201,1076.5203660392165
AD202,-46.90500558495262
AD203,660.5945869087404
AD204,1032.9135859479218
AD205,519.7859614295332
AD206,434.26380569257697
AD207,848.2647843199379
AD208,854.0398988550003
AD209,602.0763536733509
AD210,1501.6304010451272
AD211,556.2499000376929
AD212,1080.609843051523
AD213,1156.2782153672895
AD214,524.8970523823626
AD215,684.9993502596628
AD216,-217.10762672711195
AD217,1251.7278981064858
AD218,852.2615875505996
AD219,470.94668188994444
AD220,479.9713497174607
AD221,558.8364502286067
AD222,1149.0391033477842
AD223,-230.65808258713184
AD224,821.6910765685834
AD225,628.2612365599057
AD226,1400.4389873359376
AD227,536.0736508462601
AD228,291.1437476777994
AD229,630.9947476030679
AD230,549.349026195868
AD231,485.84766598881424
AD232,870.040009897511
AD233,590.3003241406379
AD234,653.4388201340282
AD235,543.9788836081054
AD236,554.0983806809304
AD237,473.4613238021059
AD238,825.0834339127412
AD239,815.7253578976081
AD240,1317.3378764595204
AD241,735.4956894200684
AD242,-28.709787330552558
AD243,865.8754901850161
AD244,852.0926747204696
AD245,252.2326237228367
AD246,768.3028620088417
AD247,1223.4726614203307
AD248,692.0398506687638
AD249,402.5974097567415
AD250,801.9094827351387
AD251,679.2658983783499
AD252,1192.5115231308773
AD253,160.93997889200386
AD254,14.108807453973895
AD255,768.6169419840212
AD256,93.28714723112842
AD257,1408.1690814850697
AD258,573.3876742898644
AD259,171.307996380948
AD260,693.546704124773
AD261,1.9836135282919827
AD262,-229.19802848460915
AD263,759.7759718453417
AD264,366.1845807704374
AD265,729.2057515387162
AD266,291.31955431499364
AD267,142.1562866013502
AD268,985.1641753541055
AD269,826.8275033406367
AD270,1313.049683552914
AD271,459.76438840797607
AD272,598.0165699506715
AD273,-46.15484020602571
AD274,310.298127370831
AD275,848.7190026781939
AD276,79.97033380647724
AD277,-147.91496715066307
AD278,791.5747742192186
AD279,295.4521932913183
AD280,844.204569107771
AD281,442.00903198415926
AD282,1215.244293909593
AD283,141.71904135621537
AD284,-96.61464487276015
AD285,564.6681722261885
AD286,-125.83158778723788
AD287,590.7029410918287
AD288,283.8528805171351
AD289,-66.59497765478125
AD290,1412.3228029925517
AD291,81.35117844355113
AD292,786.892617182197
AD293,832.4799869455112
AD294,856.1744030593688
AD295,381.02354049988776
AD296,613.4336497880454
AD297,-223.60043072532233
AD298,799.6306142941639
AD299,936.3060161136273
AD300,253.32127359841218
AD301,28.19406714945478
AD302,557.3345253067744
AD303,549.9835369838452
AD304,962.8340631072813
AD305,612.6769214207745
AD306,561.0764535407131
AD307,480.7897596966957
AD308,384.3074343344409
AD309,210.80072361627185
AD310,580.5629527081837
AD311,728.4874984951412
AD312,1503.6856679531904
AD313,1210.97850595989
AD314,98.33100286697777
AD315,736.1725102547591
AD316,570.3883860355211
AD317,1156.5082827174367
AD318,542.5849335596304
AD319,585.3931269252482
AD320,520.8262826412928
AD321,1132.5534816251923
AD322,333.06925999870873
AD323,-124.67107719789465
AD324,688.8596610106299
AD325,1121.6713243065835
AD326,453.96768309134234
AD327,1142.2054697265205
AD328,334.06577365807846
AD329,1066.2728309797858
AD330,880.6138724019354
AD331,439.0718274754472
AD332,630.8877859195329
AD333,586.1592078244144
AD334,375.77231107940463
AD335,273.1045279844931
AD336,-62.43329927762193
AD337,716.9850761487071
AD338,562.426494269077
AD339,1089.947125320943
AD340,629.6518837408532
AD341,581.9323402489799
AD342,471.58342251818385
AD343,165.82082191270808
AD344,1228.4242985304722
AD345,85.30141379726967
AD346,641.4075582522967
AD347,958.9922048510462
AD348,261.089702388163
AD349,857.9554495989814
AD350,810.2708876883048
AD351,617.6130296647323
AD352,526.9043188703604
AD353,373.18801739750984
AD354,500.7785841633772
AD355,1304.211589514813
AD356,514.0210286852744
AD357,-169.74720589690838
AD358,538.7424215935703
AD359,19.930158552394573
AD360,779.6332088506879
AD361,143.30651888893362
AD362,184.35286893227055
AD363,947.2013225594733
AD364,822.0594698784594
AD365,229.1612105056339
AD366,77.49523589995283
AD367,199.9437658087803
AD368,164.66991309857838
AD369,420.53558135847993
AD370,740.0925026367979
AD371,-162.31391204429542
AD372,1261.3496070795836
AD373,1239.6147723349916
AD374,190.67108204363706
AD375,845.9760838341608
AD376,794.3344666977657
AD377,1458.6904915990472
AD378,485.4173493006283
AD379,1115.703187117288
AD380,-39.960572185233275
AD381,193.4518061586772
AD382,286.8821127745649
AD383,183.6251492641809
AD384,440.16664414312436
AD385,381.2671763093176
AD386,853.2569391378331
AD387,319.736714111439
AD388,909.0120263289541
AD389,851.5582696545612
AD390,639.4710449651704
AD391,847.3674351166205
AD392,935.5638640746322
AD393,1209.2361327649799
AD394,32.99480403647192
AD395,308.5166851416891
AD396,227.85611934685983
AD397,951.4756648687619
AD398,438.19771485329886
AD399,1162.3104630667292
AD400,106.07151352492053
AD401,872.6608989059716
AD402,135.0454519219934
AD403,767.304292765627
AD404,1172.5313211133905
AD405,297.54847947394387
AD406,248.4301952774066
AD407,732.6787557560194
AD408,341.73694597551287
AD409,-223.57161631348976
AD410,276.0927041954136
AD411,946.7293055175967
AD412,530.9639767101728
AD413,0.2640518954740969
AD414,469.0592596378475
AD415,715.9715814711838
AD416,305.5197377195532
AD417,529.4300357717101
AD418,510.77733512019574
AD419,486.2437860212193
AD420,172.2471439215143
AD421,675.5285117490885
AD422,-232.1739184584489
AD423,877.0568042444004
AD424,534.7918008988822
AD425,682.7886633835046
AD426,598.7367251036655
AD427,526.8857727869993
AD428,1101.5106467739467
AD429,322.8907602591063
AD430,540.3493895069039
AD431,525.9212502959224
AD432,343.2692205878865
AD433,1225.205944597269
AD434,579.7885418517808
AD435,612.6957774068972
AD436,-64.06648725914039
AD437,213.71686426543317
AD438,491.6403840294789
AD439,-116.86224127384133
AD440,-84.90943434845207
AD441,488.0400688644954
AD442,433.79170393661286
AD443,487.34927766167016
AD444,234.08234583521573
AD445,954.0679569500865
AD446,268.3247027858637
AD447,1059.8509008627855
AD448,256.3688759496814
AD449,773.4624126378444
AD450,902.1366644971288
AD451,1068.9953066813962
AD452,700.3051329415473
AD453,562.9553903437904
AD454,582.7822891651151
AD455,716.2622217855348
AD456,292.71819390582857
AD457,173.92043873531986
AD458,-182.08388604606773
AD459,340.65061128643345
AD460,1370.014412358643
AD461,1247.0439640753075
AD462,689.4507755977211
AD463,1318.210116173978
AD464,744.3142222471365
AD465,-220.26291228694902
AD466,1192.0265746594628
AD467,1035.4088703602242
AD468,65.38944278192889
AD469,489.50843308792264
AD470,1274.3482847033647
AD471,558.1407254007074
AD472,668.0116813234313
AD473,198.30244129190612
AD474,838.717069716077
AD475,894.4476588603113
AD476,1424.2910273137786
AD477,882.9458494581622
AD478,150.58576055652293
AD479,538.6052921856158
AD480,357.1583892575205
AD481,779.4005870456594
AD482,243.14917847992115
AD483,635.2035186001406
AD484,1195.5786475305335
AD485,1186.9995582360586
AD486,-68.15838207452424
AD487,363.253574027275
AD488,708.1129675571756
AD489,935.3681790785586
AD490,844.6829326109255
AD491,-4.460181902817226
AD492,-45.6108519287925
AD493,750.2181084162423
AD494,563.0552026393448
AD495,692.0679866326104
AD496,1142.9830420003445
AD497,-577.657744982868
AD498,-562.9458521995534
AD499,-571.6769536409937
AD500,-547.1292082232351
AD501,-576.4247909549522
AD502,-551.3533597474061
AD503,-574.2825111887787
AD504,-549.8770765471105
AD505,-566.5619423955309
AD506,1080.4388356753434
AD507,330.85921871448784
AD508,792.7857740586849
AD509,694.6639239774345
AD510,88.94185596706836
AD511,183.88278294547547
AD512,731.7574661115245
AD513,313.36039793916564
AD514,111.76301836020139
AD515,109.740004013516
AD516,316.2539540058842
AD517,364.9943741813146
AD518,878.0560832527628
AD519,960.8071093305753
AD520,792.3797151481394
AD521,1488.4304701044396
AD522,688.774896708974
AD523,533.6099472336889
AD524,778.6550543353953
AD525,336.9122055672734
AD526,525.7318672137123
AD527,468.1380804238812
AD528,-5.162035159377297
AD529,39.956460635740655
AD530,1191.7545148734077
AD531,432.30510654265004
AD532,183.01803040998232
AD533,918.0245100228469
AD534,692.4831735835951
AD535,1095.6179447181728
AD536,41.15957783399176
AD537,16.515905391186095
AD538,1006.1979389464152
AD539,734.4500197243462
AD540,103.91700845352318
AD541,548.9530751687478
AD542,617.8756851781777
AD543,585.5052446362442
AD544,280.78996800156904
AD545,1338.524229029677
AD546,-269.6154576861935
AD547,622.776051554757
AD548,475.56376409247684
AD549,902.106264301713
AD550,328.0742767789302
AD551,778.6563393294273
AD552,335.04342515630424
AD553,-48.627190805960254
AD554,765.3934865887845
AD555,360.02647543522494
AD556,642.2116886280912
AD557,381.19561397373025
AD558,588.4553686194497
AD559,1098.193682617301
AD560,276.83178096122015
AD561,286.866869147515
AD562,1172.0514933151444
AD563,305.48722624808306
AD564,181.97263556343364
AD565,528.5398541106358
AD566,789.9649344579677
AD567,1103.0090310709716
AD568,673.6336031440437
AD569,125.76668535021622
AD570,959.9579904129628
AD571,1031.3561667336953
AD572,842.5891626157006
AD573,653.9597284549573
AD574,1023.2551635440286
AD575,843.3956607924833
AD576,-312.39132031038747
AD577,500.0022889831248
AD578,1111.8278634599267
AD579,832.7405224582333
AD580,221.42763759736874
AD581,23.77433892603426
AD582,296.2688154856743
AD583,1315.3646080607227
AD584,774.2424624371322
AD585,69.13624078337318
AD586,287.13327275837673
AD587,792.9605118533075
AD588,221.50030531296193
AD589,254.21732404557815
AD590,783.298149404161
AD591,821.2435082131576
AD592,481.7785391292846
AD593,919.8761962025924
AD594,360.43271711374507
AD595,888.0184547442068
AD596,978.0634641542424
AD597,1415.765708637624
AD598,1167.9751572155703
AD599,399.2335500560531
AD600,362.1913144576622
AD601,161.03278889008243
AD602,810.7190937239914
AD603,246.01032853231516
AD604,-18.616411497687295
AD605,671.5988570719924
AD606,939.8338842093399
AD607,56.643790146418496
AD608,451.0907171904578
AD609,666.6508063071615
AD610,-309.50346535812326
AD611,538.1998718734767
AD612,946.5657293195989
AD613,786.624402715679
AD614,654.4725518982971
AD615,378.09648802340894
AD616,-566.3700946298945
AD617,-581.9561758929327
AD618,-56.20124160108435
AD619,457.2806720082933
AD620,837.8811081307279
AD621,740.1457262481099
AD622,-65.94905556780247
AD623,945.7734847578047
AD624,942.7221843158566
AD625,457.32916667935615
AD626,489.3583435342632
AD627,878.5792542276479
AD628,216.82903982952996
AD629,804.542737373027
AD630,455.73243443486
AD631,567.6093221656017
AD632,15.292056095447492
AD633,217.09279562037023
AD634,-91.6449580248464
AD635,70.913355144653
AD636,514.0318756540021
AD637,114.25106699646699
AD638,611.5904908009443
AD639,691.8689764748801
AD640,362.5741949922515
AD641,768.2464074540956
AD642,764.8943826313516
AD643,667.684079288683
AD644,355.9021080864069
AD645,699.9711345041715
AD646,948.3417911204792
AD647,94.73756988095397
AD648,553.453700025904
AD649,192.21499333756913
AD650,408.0067152529904
AD651,1067.1164405668221
AD652,739.4868887812945
AD653,435.7235794728407
AD654,731.2854086569994
AD655,290.73626015521586
AD656,825.5478100029143
AD657,829.479714355484
AD658,181.0907307284848
AD659,1212.792612903537
AD660,503.67944396049916
AD661,1192.3227855533048
AD662,520.9134484406713
AD663,410.7628816372344
AD664,537.3420127278669
AD665,144.24665429611514
AD666,391.4889151942507
AD667,334.88930656384923
AD668,297.54738629136034
AD669,272.474650695573
AD670,1236.9074788185292
AD671,804.3339697557274
AD672,763.7357579169054
AD673,934.8547984659629
AD674,738.9932781565469
AD675,338.8563256817198
AD676,973.126162777844
AD677,547.1817952833337
AD678,640.887170781567
AD679,-62.44642136015659
AD680,937.6630907646559
AD681,1439.6784406284344
AD682,657.93121357475
AD683,870.2789891598416
AD684,423.61948330860935
AD685,1406.5491887963396
AD686,1147.6356992449573
AD687,475.5998681256797
AD688,1393.8701014218072
AD689,576.0107521236223
AD690,375.8451713498649
AD691,992.9844076211195
AD692,331.52620931837487
AD693,-176.9690196452002
AD694,-160.556654414582
AD695,847.0722188326688
AD696,834.7531656092328
AD697,-238.83130835266292
AD698,321.3352975963246
AD699,223.0441926906842
AD700,303.86039881358056
AD701,926.9440135598443
AD702,1018.3016397658657
AD703,739.0859878755598
AD704,400.87718227962023
AD705,362.31582243830076
AD706,99.1606211436715
AD707,956.7662732361493
AD708,790.5761423580709
AD709,585.4325547746112
AD710,-90.49608101810401
AD711,592.2955959324872
AD712,482.4367420182739
AD713,40.14332773529452
AD714,-329.4244136008079
AD715,395.78509763494606
AD716,786.7229831946156
AD717,140.39738609720348
AD718,646.2040540774497
AD719,1002.36929505076
AD720,-142.6934727596933
AD721,296.8879480662067
AD722,802.8084224211655
AD723,545.8446734558679
AD724,779.2010944474914
AD725,462.2744309935015
AD726,752.737173253716
AD727,1209.4883432918696
AD728,923.6271489830942
AD729,785.1899986981291
AD730,905.7698214952804
AD731,555.1720593897496
AD732,421.220902953072
AD733,756.2922721209286
AD734,433.7274672051053
AD735,326.4909516016853
AD736,642.4607268336288
AD737,1146.104810143687
AD738,371.1140473555927
AD739,886.4138956680513
AD740,580.629992501044
AD741,35.2554103285986
AD742,867.6736974994378
AD743,449.78720545867475
AD744,1221.8413267052167
AD745,-112.83794208744098
AD746,-31.870764089029933
AD747,1130.5095212208178
AD748,906.1172384575841
AD749,641.1376881674869
AD750,640.768499142569
AD751,1068.5358620073584
AD752,148.03281706790847
AD753,-198.38808988420107
AD754,814.4408614734225
AD755,491.1730487917391
AD756,480.9511765403935
AD757,788.6002583357078
AD758,770.648746714282
AD759,733.8836260408743
AD760,-136.23522872746554
AD761,1100.7435437250192
AD762,783.1344308434798
AD763,658.3405992819573
AD764,413.3784111490356
AD765,-122.31168897047849
AD766,525.9892632107475
AD767,341.55602838229606
AD768,50.881251143726786
AD769,-240.46785490957498
AD770,237.84144997331987
AD771,-154.74182770956202
AD772,435.54226418025394
AD773,231.1054288343663
AD774,510.20834630911986
AD775,162.54822150146003
AD776,896.0545195560985
AD777,752.3803219812628
AD778,600.15325771977
AD779,671.315105192755
AD780,758.8551994803886
AD781,645.0480176855576
AD782,578.9888535446344
AD783,634.6477840332652
AD784,516.7724174647672
AD785,-38.90582628682762
AD786,307.0213305839594
AD787,340.17403800286195
AD788,486.0002107723665
AD789,807.1938405543465
AD790,240.04195521101974
AD791,987.4245038957049
AD792,1008.422556171985
AD793,1453.5777519716073
AD794,432.68373025869903
AD795,1069.5964443188122
AD796,874.1720595618881
AD797,1161.7702394539904
AD798,94.07478885252794
AD799,144.95958070367828
AD800,1234.197395659812
AD801,1157.7669946531753
AD802,285.7446918656665
AD803,819.3347102882119
AD804,160.22742857790467
AD805,956.3865797236874
AD806,22.443576034281364
AD807,1061.6051747094364
AD808,458.1304109846877
AD809,682.2835334887593
AD810,328.72592573637564
AD811,157.2690128818033
AD812,945.55204935492
AD813,519.2019960675764
AD814,1102.8729534727058
AD815,581.8437884316256
AD816,1183.7188929248769
AD817,-124.928543660255
AD818,561.2284039704443
AD819,-250.86781433704863
AD820,1040.160945639521
AD821,393.0733581076431
AD822,917.1770741207101
AD823,864.1708220070309
AD824,958.6993950616368
AD825,353.65878367200605
AD826,366.65230633677356
AD827,577.520505078747
AD828,392.16611104966034
AD829,556.4865504992804
AD830,527.595460916092
AD831,-157.22530757464648
AD832,366.957953440531
AD833,567.565760159471
AD834,218.7383628179001
AD835,782.0058109889769
AD836,223.73774571382557
AD837,836.3847245662168
AD838,809.3640759168959
AD839,1354.7608848498335
AD840,557.7243737618644
AD841,506.90337486030785
AD842,277.42961861418485
AD843,805.2575268252172
AD844,883.8580508365919
AD845,592.6952034676544
AD846,666.1601450364567
AD847,494.9620209385906
AD848,368.8799178078499
AD849,1051.9167834022269
AD850,61.16160225143358
AD851,598.5160616230417
AD852,260.2967388589551
AD853,606.114042723623
AD854,939.1883784796496
AD855,176.19469492024507
AD856,1127.056762060514
AD857,273.01443402810105
AD858,335.20592705408
AD859,785.7872552207359
AD860,1380.2946830253852
AD861,347.6388518304864
AD862,587.0565408029997
AD863,1163.8290587491877
AD864,-8.966679196332905
AD865,672.3278691431412
AD866,1011.3621245863594
AD867,136.75775852330923
AD868,137.47618597748192
AD869,797.517132599269
AD870,1179.058151046607
AD871,743.3897211588012
AD872,469.32582823193684
AD873,491.5403075143722
AD874,590.8387259680644
AD875,409.58307887343494
AD876,-110.08372481642147
AD877,1270.4262081087236
AD878,465.0325193111735
AD879,552.5492620793045
AD880,816.1179998213959
AD881,135.23673244550207
AD882,587.2057495598501
AD883,1351.1664239049558
AD884,472.41902606843894
AD885,943.8301071342107
AD886,251.0209856168566
AD887,604.5291067364005
AD888,536.0094791323841
AD889,548.8507045937613
AD890,722.9969361531082
AD891,576.746453622673
AD892,687.5841687664165
AD893,711.7954431376379
AD894,626.406575353408
AD895,1084.9364717343403
AD896,697.7279432810183
AD897,814.9481832010385
AD898,138.5134494218031
AD899,980.8057327069289
AD900,574.9682845724187
AD901,417.5296376760417
AD902,434.5832633182299
AD903,614.8382340436322
AD904,70.16159371621791
AD905,1178.8827997390204
AD906,996.7811046494448
AD907,856.1952763440611
AD908,1274.964912419412
AD909,254.3761793379117
AD910,531.55310822575
AD911,528.0956891530166
AD912,607.6197118219484
AD913,1224.2169886830573
AD914,899.8154108559702
AD915,796.1381340040009
AD916,-122.1430247110394
AD917,487.3257164708192
AD918,435.3454068815972
AD919,797.9712110576438
AD920,652.1977389596632
AD921,-124.24692816912551
AD922,902.6175972344618
AD923,1086.4552459975737
AD924,900.5839779592852
AD925,-266.0133473107717
AD926,650.3992484663979
AD927,676.506922380802
AD928,-114.98004354571862
AD929,394.8149613327229
AD930,926.0360840499116
AD931,521.2621736827472
AD932,1020.8647349302764
AD933,1048.6681696282071
AD934,296.6621999976445
AD935,1206.2743005629115
AD936,1275.0456355180104
AD937,359.9689176260903
AD938,277.6374484840426
AD939,531.2392886507855
AD940,817.1092415830658
AD941,977.714552807762
AD942,153.3437101207735
AD943,655.7064816632117
AD944,250.70839265526683
AD945,595.0218907531448
AD946,467.05905070086135
AD947,1279.7171066491846
AD948,453.26263985170283
AD949,593.3276949891244
AD950,-331.95815700343877
AD951,83.130723697191
AD952,549.6013837338121
AD953,770.5251736413559
AD954,-104.31410728475407
AD955,208.3413320409178
AD956,561.8618913232219
AD957,1196.437914350872
AD958,454.1041208606034
AD959,262.9736957139868
AD960,1293.1381370765303
AD961,936.0686203400139
AD962,593.1654728504907
AD963,834.1405039011499
AD964,664.5405657528079
AD965,795.8202426616374
AD966,823.6565961238846
AD967,1094.4695579784348
AD968,610.9764559602263
AD969,701.0830670340833
AD970,575.616866219448
AD971,267.8104795163597
AD972,210.84907026618885
AD973,1114.2156976880506
AD974,449.8595357739631
AD975,121.22525026391907
AD976,390.3449747767603
AD977,329.96233720542557
AD978,409.3887395903057
AD979,135.68982423774344
AD980,70.36972752939414
AD981,806.4258882330271
AD982,523.2458829903433
AD983,403.9261362020269
AD984,702.1380653873048
AD985,214.7808534038055
AD986,598.1087294125116
AD987,461.1077436700838
AD988,-222.06207145661597
AD989,693.8955525918673
AD990,502.677574128169
AD991,1102.7018268337392
AD992,-277.9104081452162
AD993,639.9638270662633
AD994,581.8119845168915
AD995,135.57659262400057
AD996,972.9229972561332
AD997,-290.00521280458025
AD998,889.384600117138
AD999,1098.5912468264223
AD1000,367.8760839849052
AD1001,148.7499351141645
AD1002,42.249628494493095
AD1003,678.5786239357549
AD1004,296.1594753424308
AD1005,351.4261404487611
AD1006,320.75730807503
AD1007,691.7122159500218
AD1008,498.1528461078947
AD1009,371.5693461446077
AD1010,1074.1583484940925
AD1011,1266.1816334882044
AD1012,216.25557194897158
AD1013,113.85179851635269
AD1014,673.228570179065
AD1015,631.3261932340702
AD1016,924.1842488530954
AD1017,967.420677845261
AD1018,87.40405831252008
AD1019,703.715771948077
AD1020,630.533001083948
AD1021,1410.3831715231818
AD1022,513.9829770961956
AD1023,989.5960372590271
AD1024,996.253848038562
AD1025,926.7742694641202
AD1026,830.7266226575923
AD1027,421.7935991027066
AD1028,-319.9523707696454
AD1029,896.3401345034542
AD1030,936.949878128426
AD1031,582.2743730708048
AD1032,873.5729155663398
AD1033,1187.3992756777443
AD1034,753.9701915747537
AD1035,50.747815889640265
AD1036,1154.3407949790733
AD1037,319.05805492905245
AD1038,1335.9928851269904
AD1039,566.9535284233668
AD1040,513.5707468281786
AD1041,526.8756104453616
AD1042,1046.4352439500253
AD1043,1179.145290403034
AD1044,454.82063348290876
AD1045,909.9945317736572
AD1046,801.099788839965
AD1047,805.5841783994367
AD1048,185.0919975433343
AD1049,1243.7751638333673
AD1050,-237.7893558003994
AD1051,394.15300214835577
AD1052,169.0606798235333
AD1053,116.76974759781365
AD1054,973.6863221595208
AD1055,473.01328921921595
AD1056,1037.195257137789
AD1057,1171.2723521783898
AD1058,1060.7597751095768
AD1059,601.7194367411357
AD1060,1397.8883342468503
AD1061,603.8437675214457
AD1062,853.313555036523
AD1063,575.0785078827516
AD1064,657.7140807669498
AD1065,793.0259724934294
AD1066,1299.4927431615183
AD1067,788.5716967589344
AD1068,-18.25312282260012
AD1069,472.52908121107635
AD1070,819.2856854134125
AD1071,727.2854451581127
AD1072,1055.6345001080183
AD1073,939.0807416943364
AD1074,394.2994027016582
AD1075,527.5505294196093
AD1076,688.2592656771758
AD1077,849.3885874021576
AD1078,1075.9844944554266
AD1079,1176.0496493506073
AD1080,261.3531797979954
AD1081,569.4505770679034
AD1082,1130.485739819396
AD1083,456.28925939197336
AD1084,530.1017205099604
AD1085,604.4228918783147
AD1086,759.0381315475554
AD1087,-158.0937253932242
AD1088,704.1270515934852
AD1089,186.76527962879254
AD1090,1092.1094594219473
AD1091,936.8026611428572
AD1092,383.7837748346443
AD1093,1350.7271533489502
AD1094,599.7620933803657
AD1095,326.9918508395373
AD1096,152.71068258655828
AD1097,263.1047482059928
AD1098,54.77668703075085
AD1099,-583.7471434611875
AD1100,-571.6644077030594
AD1101,-562.8663992332678
AD1102,-564.8440646169742
AD1103,-578.9162707386552
AD1104,-581.2547171996157
AD1105,-556.1731138054031
AD1106,-577.5705051935864
AD1107,-566.6238143377453
AD1108,-582.3216611794408
AD1109,-566.6995810452675
AD1110,-584.9391475716462
AD1111,-575.9352642611491
AD1112,-558.4842859060748
AD1113,-565.9168076871905
AD1114,-582.2656381514624
AD1115,-553.282874202215
AD1116,-581.4713417315824
AD1117,-583.3594121026218
AD1118,-578.8071537512498
AD1119,-582.0454765621823
AD1120,-583.304921652662
AD1121,-566.6967435159102
AD1122,-577.2956519499924
AD1123,-583.5062904372893
AD1124,-563.0009840722054
AD1125,-571.884585099973
AD1126,-576.32828086266
AD1127,-565.0174724907675
AD1128,-572.1988023444436
AD1129,-563.9591228821539
AD1130,-581.755671074158
AD1131,-576.1264326038707
AD1132,-582.0745684267813
AD1133,-594.2670115153011
AD1134,-570.4890909647899
AD1135,-577.6489088419072
AD1136,-558.5514770814839
AD1137,-562.1569836746376
AD1138,-569.0373349850895
AD1139,-582.9059962383039
AD1140,-570.0564137040025
AD1141,-583.4678451631968
AD1142,-561.9812230796019
AD1143,-583.4597413216298
AD1144,-578.3396361546739
AD1145,-564.5185484071308
AD1146,-556.053361351879
AD1147,-569.9716089733696
AD1148,-573.1814003151587
AD1149,-580.7873309381051
AD1150,-564.5835053309531
AD1151,-578.9751808089313
AD1152,-568.2993508991144
AD1153,-560.9582979921868
AD1154,-562.1231945079942
AD1155,-566.281247035763
AD1156,-570.3442279505756
AD1157,-589.2951937778788
AD1158,-572.9738019112928
AD1159,-559.9436005450705
AD1160,-562.5556276167881
AD1161,-571.6532779312788
AD1162,-564.5368029389178
AD1163,-566.2303944263839
AD1164,-575.9122099641061
AD1165,-583.6975844884817
AD1166,-580.2184125023841
AD1167,-584.9156654711327
AD1168,-558.0396725754171
AD1169,-575.0919152899658
AD1170,-574.0335616393478
AD1171,-568.3716919272453
AD1172,-561.2029720131277
AD1173,-576.5782955368218
AD1174,-565.6613183065809
AD1175,-587.0616730782516
AD1176,-578.6660299028957
AD1177,-567.4005683120107
AD1178,-567.5334480011953
AD1179,-564.4077596217905
AD1180,-571.3970663474765
AD1181,-569.5007659707875
AD1182,-567.7348007602142
AD1183,-572.9022337076954
AD1184,-561.3199006552472
AD1185,-581.2788946708135
AD1186,-575.6127461321266
AD1187,-575.2226007455877
AD1188,-571.4236783885113
AD1189,-577.6519198280195
AD1190,-571.2423842826289
AD1191,-570.0974006548286
AD1192,-582.3958747380568
AD1193,-579.4130460484197
AD1194,-589.0933886737303
AD1195,-589.7969908208239
AD1196,-566.0834657540478
AD1197,-554.1387570448497
AD1198,-576.4631422149645
AD1199,-579.9070357866184
AD1200,-561.0683022431956
AD1201,-572.3235826941831
AD1202,-581.1206177832559
AD1203,-571.6081106558349
AD1204,-577.5502698178627
AD1205,-587.4639489620687
AD1206,-580.6926991789203
AD1207,-551.2688778404566
AD1208,-568.1435331341806
AD1209,-574.0133373007677
AD1210,-566.9270522849896
AD1211,-574.5999597361554
AD1212,-578.6263686974985
AD1213,-572.6033371764065
AD1214,-561.5716554767964
AD1215,-573.137908952039
AD1216,-565.7659634816617
AD1217,-574.0656976764187
AD1218,-564.7908850512257
AD1219,-594.9703506442443
AD1220,-572.9988906753903
AD1221,-556.6718662056061
AD1222,-572.2751529182544
AD1223,-567.8297161253673
AD1224,-582.9648157873637
AD1225,-584.2361563524514
AD1226,-554.8246022638548
AD1227,-576.0539304170253
AD1228,-576.6961958293782
AD1229,-583.4184538607226
AD1230,-570.4460946193409
AD1231,-575.1737230408548
AD1232,-577.7974816586211
AD1233,-571.0784613504408
AD1234,-580.412087724474
AD1235,-567.4096349086009
AD1236,-568.797690933636
AD1237,-583.009863110364
AD1238,-579.3454795884268
AD1239,-571.7257794220468
AD1240,-574.6666722087214
AD1241,-574.6591368373824
AD1242,-572.9968383607314
AD1243,-570.7067205450473
AD1244,-576.6547397957265
AD1245,-588.6805249793213
AD1246,-554.4030797428652
AD1247,-581.265954508832
AD1248,-572.5716245184467
AD1249,-568.0401866260258
AD1250,-575.3948188657896
AD1251,-577.7409360340733
AD1252,-554.6081808445664
AD1253,-561.7091428305976
AD1254,-561.9816421878213
AD1255,-580.0664454276433
AD1256,-582.2936428914478
AD1257,-564.439696561408
AD1258,-563.7377872411842
AD1259,-563.1162870333235
AD1260,-566.1049055383079
AD1261,-567.975441837835
AD1262,-573.7815110549943
AD1263,-573.4216280796545
AD1264,-559.714315499743
AD1265,-569.4175712833757
AD1266,-585.6585281438402
AD1267,-570.7013332251136
AD1268,-579.4118962303419
AD1269,-563.5678158184427
AD1270,-575.5349710745555
AD1271,-578.2369156879867
AD1272,-570.1292452542342
AD1273,-581.424084169678
AD1274,-577.2259547508688
AD1275,-573.3473676763207
AD1276,-563.2584944321592
AD1277,-574.7578829054626
AD1278,-574.6643863910311
AD1279,-565.9038374486915
AD1280,-577.7487370076917
AD1281,-551.6149435673797
AD1282,-589.9218475674843
AD1283,-570.9717471636769
AD1284,-580.4570018123852
AD1285,-567.857661711435
AD1286,-567.6647067780196
AD1287,-560.1930738677675
AD1288,-578.396796539525
AD1289,-564.591873081798
AD1290,-561.7046632945063
AD1291,-592.2125280452995
AD1292,-555.9558097915981
AD1293,-591.6874003088333
AD1294,-575.9013424053063
AD1295,-591.597377548678
AD1296,-567.1751056671676
AD1297,-569.1930344768526
AD1298,-554.1403062162705
AD1299,-573.6553393834314
AD1300,-576.5602836483467
AD1301,-578.0058662968877
AD1302,-566.6270780397825
AD1303,-577.365936101912
AD1304,-586.4000037836333
AD1305,-564.713447571586
AD1306,-572.4494484861826
AD1307,-571.6619974255971
AD1308,-566.0630599547784
AD1309,-567.2330874914863
AD1310,-561.2554455925748
AD1311,-581.7731054830235
AD1312,-574.5390286759158
AD1313,-559.3811156280962
AD1314,-579.1754147642173
AD1315,-574.7446745197184
AD1316,-580.6741422584225
AD1317,-577.8668079670623
AD1318,-595.1149043797328
AD1319,-578.9705402672372
AD1320,-560.630540246224
AD1321,-573.4301731015805
AD1322,-571.1682424878252
AD1323,-559.4637048950831
AD1324,-559.3799411881982
AD1325,-578.5725871316922
AD1326,-565.1819048363226
AD1327,-574.9296072221405
AD1328,-574.3938863389741
AD1329,-566.4633039708142
AD1330,-562.9717796279972
AD1331,-579.3287889426845
AD1332,-562.8304924997453
AD1333,-575.8723593556955
AD1334,803.8097684686647
AD1335,570.6386779054783
AD1336,-0.29626225589720434
AD1337,-89.06092142670616
AD1338,-47.87724214355222
AD1339,448.6100302984794
AD1340,463.7155260899284
AD1341,1019.5387804927657
AD1342,404.2116838947953
AD1343,522.4344608780025
AD1344,228.097664075721
AD1345,1155.5189364851876
AD1346,1264.0791687996218
AD1347,814.1861879403195
AD1348,101.95289328518618
AD1349,459.78382807537844
AD1350,708.7516845662437
AD1351,192.22998450368357
AD1352,460.02022626159976
AD1353,428.1225981916592
AD1354,-240.21936144800486
AD1355,513.6369857219936
AD1356,92.18729477098691
AD1357,-72.29595878660228
AD1358,-209.6669036228513
AD1359,599.165830907478
AD1360,54.28741027237163
AD1361,237.679315153199
AD1362,678.2490898526723
AD1363,408.33908916740506
AD1364,124.90864693774643
AD1365,683.099291598141
AD1366,576.9721275760935
AD1367,677.2104814790753
AD1368,986.236506877287
AD1369,623.6429471430083
AD1370,932.4616587640994
AD1371,328.18802625219337
AD1372,29.825285795563445
AD1373,707.9717388938755
AD1374,-56.42040429945405
AD1375,1052.1765636013754
AD1376,472.2170722970849
AD1377,1086.1992907617312
AD1378,1052.675821168219
AD1379,498.43375920257836
AD1380,24.363413111923933
AD1381,601.3549826519431
AD1382,14.511053531291338
AD1383,299.28236681136354
AD1384,1098.90117360359
AD1385,139.9509516941505
AD1386,1480.4881055546398
AD1387,532.9985517224885
AD1388,435.52394189704694
AD1389,792.2580478910713
AD1390,547.0640430092399
AD1391,838.1116044745954
AD1392,547.9805359533191
AD1393,884.552972438059
AD1394,469.3349998850824
AD1395,1259.5319603173702
AD1396,443.4980746563539
AD1397,171.00574494389468
AD1398,-100.86378165908252
AD1399,910.4803060427998
AD1400,1307.237921848027
AD1401,1006.9777719280837
AD1402,339.2167917874626
AD1403,877.9371361117021
AD1404,291.43355777874524
AD1405,1211.9020780210235
AD1406,634.4964724285123
AD1407,-5.974030531234348
AD1408,800.192606153985
AD1409,1307.6448208374884
AD1410,472.58430231178284
AD1411,543.7079014686476
AD1412,801.6066177187947
AD1413,252.20158312555293
AD1414,179.6898000427002
AD1415,117.22050088671733
AD1416,916.9014596629474
AD1417,518.675797942066
AD1418,1260.9783231276758
AD1419,204.31117526841138
AD1420,398.0505417749514
AD1421,178.31565874144474
AD1422,632.9149406981217
AD1423,850.9119338428891
AD1424,41.32730481703061
AD1425,900.3916793433903
AD1426,812.3526961309883
AD1427,322.070245518394
AD1428,-74.3390079950097
AD1429,1193.3017690555425
AD1430,1211.5437509611445
AD1431,1027.3018410908605
AD1432,562.6384797750723
AD1433,1394.5560268383513
AD1434,5.946101467547692
AD1435,954.2358968474045
AD1436,490.00650872180415
AD1437,621.3334646690237
AD1438,315.2765337282042
AD1439,306.42672207114083
AD1440,-228.03159762696401
AD1441,566.8073798051687
AD1442,636.6421253578781
AD1443,673.7184184032944
AD1444,261.66473076130046
AD1445,1506.355384938065
AD1446,547.1934999787509
AD1447,1245.2817594751348
AD1448,498.59319459666995
AD1449,72.39719484238333
AD1450,132.33806611295222
AD1451,305.8070855076892
AD1452,405.2736205492306
AD1453,105.44524110548605
AD1454,1338.1164232676315
AD1455,749.0434260968639
AD1456,137.45804023343976
AD1457,274.16341928909935
AD1458,543.932753254714
AD1459,450.7143119932791
AD1460,651.5245074289817
AD1461,1303.8494295593168
AD1462,530.2071515189507
AD1463,76.86268115296389
AD1464,886.488509215495
AD1465,6.6180749655462705
AD1466,-138.56051289862563
AD1467,453.9698602291504
AD1468,-134.57565808137008
AD1469,604.7449470652241
AD1470,587.9687379076297
AD1471,327.59777168026096
AD1472,523.8677733125448
AD1473,-298.79960292760194
AD1474,841.1987693693809
AD1475,574.2315927800553
AD1476,1061.7099826971144
AD1477,948.5335726780456
AD1478,491.87596234625914
AD1479,390.7531730203964
AD1480,975.3458640848173
AD1481,658.8216317779909
AD1482,40.96126022116243
AD1483,209.94026202586963
AD1484,643.5478330852291
AD1485,185.8776637205625
AD1486,-24.83652979076743
AD1487,640.2550259022471
AD1488,827.3268170138015
AD1489,-91.83470672077101
AD1490,556.8531233290498
AD1491,620.4780840141641
AD1492,841.8651949760674
AD1493,1073.3161398597827
AD1494,646.5664658835035
AD1495,25.06105467042346
AD1496,1222.709760353908
AD1497,556.4616096376135
AD1498,-48.06687000832585
AD1499,581.4963485513945
AD1500,712.1324258966506
AD1501,10.973178983543221
AD1502,1255.5334298721014
AD1503,280.793983781248
AD1504,734.2931034086282
AD1505,1001.4007080913684
AD1506,623.0025886062022
AD1507,754.3807468173275
AD1508,667.4800882953127
AD1509,113.16520065438237
AD1510,922.6604525873099
AD1511,592.333525793596
AD1512,722.3335732647192
AD1513,508.7162128958819
AD1514,1009.2245827857905
AD1515,685.0445017112668
AD1516,740.8583941459178
AD1517,1445.5941305410256
AD1518,-108.84832832448137
AD1519,527.1922311238903
AD1520,462.54866639404213
AD1521,31.22508138036312
AD1522,543.7144070163286
AD1523,716.6363405631755
AD1524,574.2679752315564
AD1525,548.5016834987409
AD1526,223.7391310348421
AD1527,580.6288492787148
AD1528,846.7616616528969
AD1529,1448.3252499914277
AD1530,316.2973761755602
AD1531,438.74348166576976
AD1532,1158.471494049539
AD1533,514.8156115051224
AD1534,630.1961849399929
AD1535,624.8235589310746
AD1536,418.8190371506872
AD1537,1122.2464011146803
AD1538,-278.7062750697454
AD1539,621.2368480570863
AD1540,1192.5566106245847
AD1541,929.2770400084917
AD1542,515.6839936889544
AD1543,457.654765845944
AD1544,77.06855244327778
AD1545,750.9756998167084
AD1546,939.9097895984871
AD1547,557.7060009040017
AD1548,-67.18994616641123
AD1549,799.5833813257232
AD1550,641.2328568907749
AD1551,423.98140246429887
AD1552,13.149340181994376
AD1553,584.2395442088298
AD1554,305.5951389154725
AD1555,709.0751426531604
AD1556,8.633137652361484
AD1557,653.8619037724693
AD1558,984.0654733141253
AD1559,202.70740119995594
AD1560,710.0060761895415
AD1561,784.6385761242718
AD1562,1319.5238365449725
AD1563,670.0227927965714
AD1564,805.785284685192
AD1565,908.0332736731989
AD1566,75.37678881216073
AD1567,311.8519745375522
AD1568,1086.6411269708167
AD1569,-321.70686687693114
AD1570,1206.257338357636
AD1571,859.0403505585782
AD1572,986.5440376694664
AD1573,1153.2836280478293
AD1574,578.9339765391755
AD1575,694.8122598408081
AD1576,-51.9757362225572
AD1577,-87.9664724450675
AD1578,829.0542851502871
AD1579,-100.93187054738024
AD1580,187.92990050780668
AD1581,693.3012404930291
AD1582,228.93861089532083
AD1583,1356.6990862823397
AD1584,370.07187013934595
AD1585,-40.23783138007485
AD1586,128.0718128635109
AD1587,860.9431622670852
AD1588,154.85287104947804
AD1589,297.8043334178549
AD1590,127.00010097632708
AD1591,242.4745281158464
AD1592,998.3235516667862
AD1593,594.9653099442842
AD1594,320.9174788485999
AD1595,185.027063303742
AD1596,357.93030394392304
AD1597,159.68809357904775
AD1598,505.6952236467489
AD1599,580.0665078979889
AD1600,35.04116040054714
AD1601,-50.07026922035993
AD1602,178.53005977087867
AD1603,324.36559428486146
AD1604,57.78013802854548
AD1605,263.21921645686575
AD1606,1443.5367497503325
AD1607,571.7578873436576
AD1608,153.76089985573367
AD1609,1122.8322642122012
AD1610,237.87598576234825
AD1611,-73.41588647130237
AD1612,646.1164465185061
AD1613,853.4833632189302
AD1614,1469.2532353384265
AD1615,1085.500790593793
AD1616,277.27718575437075
AD1617,376.5724418634111
AD1618,608.2409694366836
AD1619,723.8754597903285
AD1620,353.2828949555559
AD1621,162.16020846682272
AD1622,432.5612225941204
AD1623,453.03193758803707
AD1624,972.4613246476465
AD1625,1116.639950524559
AD1626,122.2142830285485
AD1627,692.3056994606538
AD1628,429.32300722318064
AD1629,510.6749650524017
AD1630,303.55331149145525
AD1631,559.8435887526978
AD1632,196.08019180322788
AD1633,1425.6482228152995
AD1634,556.2970463680665
AD1635,1020.7285819278236
AD1636,405.9176342655361
AD1637,1086.403406399432
AD1638,-75.48554940840097
AD1639,286.50131924680704
AD1640,618.6996060881643
AD1641,356.73859568267164
AD1642,287.5673732711198
AD1643,817.5309174083266
AD1644,414.8522081121573
AD1645,594.4477144934481
AD1646,542.1476875552503
AD1647,357.4551289906025
AD1648,959.0670716124973
AD1649,1166.060684357383
AD1650,603.0396784203324
AD1651,328.4563882116612
AD1652,817.8799333141467
AD1653,1017.641448059429
AD1654,-244.10711603547878
AD1655,452.67263399582646
AD1656,-56.22770176593326
AD1657,537.7703064343864
AD1658,79.21984443096017
AD1659,1081.9344941833444
AD1660,934.7320374902338
AD1661,1399.47221727091
AD1662,624.06036156147
AD1663,236.3357468588017
AD1664,27.995796398905213
AD1665,253.12203576231275
AD1666,342.8034048013242
AD1667,462.0516137002455
AD1668,122.12601942236529
AD1669,-131.2158573691512
AD1670,858.4391940327869
AD1671,993.4306483666999
AD1672,555.573756594878
AD1673,78.40646914518163
AD1674,999.0976903990495
AD1675,164.79598765476396
AD1676,139.93553100887777
AD1677,1203.2280378991682
AD1678,581.3220452399075
AD1679,462.7315670338278
AD1680,1135.0331580094455
AD1681,89.49368554717591
AD1682,967.2686362335605
AD1683,1162.3215223615537
AD1684,744.5545450818877
AD1685,-19.981455851321073
AD1686,854.1076197528937
AD1687,0.9343104465067427
AD1688,853.3982270865536
AD1689,570.3021885035196
AD1690,1095.6030773363022
AD1691,1317.2703591028321
AD1692,825.415220627515
AD1693,312.80347844576556
AD1694,19.453397879228987
AD1695,456.30685336804174
AD1696,204.38328846237482
AD1697,781.6456586361246
AD1698,239.9079467853635
AD1699,16.027251776512514
AD1700,1301.8861128562116
AD1701,83.51717327296933
AD1702,179.0537453830981
AD1703,412.0917397594668
AD1704,397.6096463587469
AD1705,699.4065406991099
AD1706,-192.87416512071877
AD1707,863.2034520819948
AD1708,1053.737272530913
AD1709,557.5936660634895
AD1710,484.02025180593705
AD1711,553.6862228986529
AD1712,380.81724096021924
AD1713,355.0537869146211
AD1714,534.3731644274314
AD1715,530.5053587272747
AD1716,387.49933535604373
AD1717,604.8944553938306
AD1718,220.86363526422122
AD1719,-288.5391029272246
AD1720,1018.6294352006671
AD1721,873.4830761226424
AD1722,596.6041278640948
AD1723,371.33111679922956
AD1724,569.2866290891159
AD1725,21.741907707828773
AD1726,-209.61172503936365
AD1727,740.9616586964887
AD1728,1085.422286685381
AD1729,254.16409554394033
AD1730,931.7873154214217
AD1731,306.3649272192798
AD1732,456.80109594916496
AD1733,526.331965493566
AD1734,247.92441831646545
AD1735,440.5293730444058
AD1736,957.5821541131129
AD1737,373.07244286913885
AD1738,975.262375874725
AD1739,-357.107510287477
AD1740,218.8180824091578
AD1741,-98.14806597954492
AD1742,63.41413331120111
AD1743,426.79301676592695
AD1744,1322.0819167805175
AD1745,1127.780491070753
AD1746,909.6787107738785
AD1747,733.6959002761582
AD1748,1245.9499698258444
AD1749,1122.4374230841522
AD1750,1013.7724186545468
AD1751,287.99377870972705
AD1752,960.7180919282671
AD1753,1388.356513000923
AD1754,-32.29119829077075
AD1755,-129.24332688877234
AD1756,-196.73698832222402
AD1757,1163.8644441299652
AD1758,1128.3566258369656
AD1759,-7.232904331042448
AD1760,387.8410589937034
AD1761,661.9178761436849
AD1762,287.6146348609402
AD1763,184.99209703078543
AD1764,234.95717546188507
AD1765,778.3170383394458
AD1766,414.032935694972
AD1767,1144.7884296403238
AD1768,870.2399582976393
AD1769,363.14983025957144
AD1770,607.5508670599766
AD1771,591.913801859687
AD1772,472.9248864850755
AD1773,522.7597392423456
AD1774,-253.59479466903042
AD1775,1320.2620403605783
AD1776,1328.4975811744396
AD1777,755.662370943609
AD1778,392.7856656606733
AD1779,258.2693215590465
AD1780,1139.5096668185988
AD1781,843.5790975185057
AD1782,1007.5591609324956
AD1783,468.1373910772602
AD1784,599.553148482014
AD1785,878.6699810400471
AD1786,-210.33990159492936
AD1787,611.1277849641583
AD1788,295.50764391104485
AD1789,75.27403243382719
AD1790,395.1185737429174
AD1791,1248.379323790462
AD1792,1106.0184671307095
AD1793,395.5476488224698
AD1794,-179.1941097877912
AD1795,769.3059681662119
AD1796,77.28202291266166
AD1797,922.4358322085491
AD1798,-122.2337476344785
AD1799,602.7468207358718
AD1800,118.27026742332441
AD1801,768.5963862021154
AD1802,1182.8759316119204
AD1803,154.79282277305788
AD1804,-44.78704357051714
AD1805,1205.2368033803778
AD1806,873.3097444567022
AD1807,333.8691918000891
AD1808,820.4082186351986
AD1809,262.1868280340881
AD1810,562.1974117934963
AD1811,945.8723253941173
AD1812,563.3173864192304
AD1813,729.7268962329515
AD1814,984.8144512319047
AD1815,118.83362541867314
AD1816,636.0320575260755
AD1817,680.1713079415417
AD1818,503.3960808507604
AD1819,538.7853780650607
AD1820,-305.41718603215935
AD1821,617.3589558240585
AD1822,11.337256091420613
AD1823,1017.6412560629626
AD1824,1426.9598729382164
AD1825,1372.7246878056835
AD1826,767.5135319952897
AD1827,925.996642788182
AD1828,384.1901313920274
AD1829,937.8612782947357
AD1830,83.32895227743359
AD1831,334.4994199377221
AD1832,80.72441291874497
AD1833,915.0517289563043
AD1834,876.1480954399935
AD1835,910.4811485359737
AD1836,372.9802520448824
AD1837,783.4884355532649
AD1838,402.8018790875615
AD1839,1037.5664339512155
AD1840,396.6721271576657
AD1841,685.7940032827648
AD1842,577.5372562235111
AD1843,-173.8988718969468
AD1844,628.5843224128078
AD1845,516.9059591489698
AD1846,646.170623749528
AD1847,1418.4186029620976
AD1848,1275.2700396064095
AD1849,672.8113825110993
AD1850,85.41544657680936
AD1851,-138.05392414927235
AD1852,-306.4918757006807
AD1853,725.108183184673
AD1854,98.91992299700598
AD1855,546.5287588259005
AD1856,109.50971511460193
AD1857,489.1194981092318
AD1858,971.085623598743
AD1859,751.956951819775
AD1860,686.5444704642769
AD1861,1011.6620347133494
AD1862,793.4205477059656
AD1863,552.8161622248465
AD1864,1051.2943718306726
AD1865,1011.6198479805303
AD1866,599.5259925752946
AD1867,762.9818869466069
AD1868,753.0095870551384
AD1869,152.04250482493
AD1870,639.3501812911888
AD1871,653.8323997729517
AD1872,496.99764384351636
AD1873,551.2942446113518
AD1874,66.20434211689724
AD1875,716.4874315901784
AD1876,264.34822152447543
AD1877,645.9303557998337
AD1878,548.8204105252266
AD1879,168.91487323091258
AD1880,297.78710812618897
AD1881,614.424732553339
AD1882,650.0476468286824
AD1883,66.70240220595213
AD1884,782.590979552969
AD1885,-162.46500686678098
AD1886,880.9034927286189
AD1887,1253.5433846416388
AD1888,225.23962508773627
AD1889,-134.8461740862257
AD1890,-109.81651472222649
AD1891,1137.0695701702214
AD1892,491.9239688375027
AD1893,725.6471815702862
AD1894,346.88822106034934
AD1895,553.8018945881272
AD1896,1029.0574496556515
AD1897,-0.18811410355544922
AD1898,154.6995725803381
AD1899,284.8311152870117
AD1900,701.5641981388487
AD1901,80.05182716552486
AD1902,1249.2597591589033
AD1903,-182.80845744376217
AD1904,566.3073298842162
AD1905,1082.7405366662533
AD1906,1041.5922026669214
AD1907,998.6524127954865
AD1908,831.506435317722
AD1909,-40.36414767204536
AD1910,1303.1111918501488
AD1911,336.5719541494716
AD1912,196.80753602681955
AD1913,-81.78760587518406
AD1914,77.44250956140525
AD1915,666.7484531645143
AD1916,633.4929303510662
AD1917,1434.0607326361628
AD1918,1091.8205538767222
AD1919,-17.295866621024288
AD1920,-223.2375287597564
AD1921,697.1042926864013
AD1922,502.65460255676624
AD1923,916.8589228101685
AD1924,32.49665093693909
AD1925,607.8979643286011
AD1926,148.8097922822842
AD1927,40.823590471537045
AD1928,478.9811285524752
AD1929,909.5592490137515
AD1930,-123.98799787772879
AD1931,480.1292221131562
AD1932,760.2587656568401
AD1933,267.3935544245961
AD1934,933.4573254946883
AD1935,743.8114013478278
AD1936,400.656282678964
AD1937,483.9650383695671
AD1938,838.7895578319271
AD1939,-89.38593818284221
AD1940,1083.9188383353694
AD1941,249.98026919793608
AD1942,-96.46905103424115
AD1943,1301.7415165403263
AD1944,659.5535046840971
AD1945,27.289526020566882
AD1946,787.0948730699952
AD1947,554.4322111220265
AD1948,726.8415667520653
AD1949,-339.3790944274938
AD1950,1080.160084139041
AD1951,819.677019281941
AD1952,383.0416239204501
AD1953,469.3066024319918
AD1954,1097.9790850913496
AD1955,453.6093581828626
AD1956,1164.3771194275341
AD1957,172.00579910786666
AD1958,-204.05867993899653
AD1959,456.59170245449525
AD1960,521.3968174827436
AD1961,1084.0404218648232
AD1962,-317.60977864494816
AD1963,362.11413508246426
AD1964,420.4863955015252
AD1965,673.3407188308622
AD1966,989.2608643517717
AD1967,695.9604046117495
AD1968,97.8747448340381
AD1969,166.62356816630324
AD1970,986.6491600737761
AD1971,-153.31675692607246
AD1972,-262.05763988810645
AD1973,82.53759316986157
AD1974,576.6470648445495
AD1975,34.32836668597213
AD1976,457.5920745108343
AD1977,1015.3142619670343
AD1978,264.06946600331503
AD1979,383.4565804470176
AD1980,193.4537535927867
AD1981,522.7211226664022
AD1982,718.7376598990963
AD1983,801.8520997676355
AD1984,718.6073484992949
AD1985,812.3117066524412
AD1986,323.8458454858695
AD1987,808.1123895693086
AD1988,1007.6554251743871
AD1989,1137.9435357159484
AD1990,744.3574622733577
AD1991,708.2765763534019
AD1992,845.4763091503282
AD1993,682.7257632993894
AD1994,429.33651006440994
AD1995,233.56471976389082
AD1996,329.85484463760076
AD1997,-305.96762816955845
AD1998,1187.7526175000658
AD1999,726.2606564285813
AD2000,32.517212389186284
AD2001,717.1695785573784
AD2002,610.2607515178299
AD2003,333.7858921959531
AD2004,376.58950588569337
AD2005,676.0988434015562
AD2006,-63.679749407465124
AD2007,742.6020200756186
AD2008,287.3095817409104
AD2009,586.6347045200359
AD2010,759.504059255182
AD2011,1040.3742082028643
AD2012,1048.5295222701463
AD2013,778.2885784926373
AD2014,1195.9176590107172
AD2015,390.15054836311776
AD2016,-380.19934423338543
AD2017,226.59118995538654
AD2018,1378.2869894106652
AD2019,435.8349241940758
AD2020,468.60392680669895
AD2021,573.634908469674
AD2022,760.2853473777154
AD2023,1065.8674756964472
AD2024,539.0335641299389
AD2025,636.2325859124219
AD2026,920.0189272983712
AD2027,270.72716684866043
AD2028,363.1623423993858
AD2029,553.5760398697166
AD2030,43.43003201328008
AD2031,474.50065830404606
AD2032,754.4634657663871
AD2033,827.5519052493416
AD2034,857.4731507667555
AD2035,648.6801048747193
AD2036,1241.6321418650705
AD2037,-237.6671202263164
AD2038,821.5151616067076
AD2039,513.5112408499319
AD2040,268.0236713590227
AD2041,476.8436682016476
AD2042,702.9480733623775
AD2043,509.12810966829136
AD2044,218.86146266772187
AD2045,490.30902785171907
AD2046,122.02593590152196
AD2047,494.5906650135912
AD2048,684.9062520085106
AD2049,302.99736219700185
AD2050,1095.6162109754782
AD2051,624.5058412733092
AD2052,182.6920618159711
AD2053,144.40804124126544
AD2054,388.2354356293729
AD2055,784.9080280440421
AD2056,321.74129984117167
AD2057,1064.89282527874
AD2058,223.24141552349738
AD2059,534.1023164404253
AD2060,-44.34750922651352
AD2061,761.4750740395136
AD2062,386.3862846777629
AD2063,943.7571730352042
AD2064,923.3164312760268
AD2065,700.3810217096491
AD2066,143.81969121496047
AD2067,1149.0419845781048
AD2068,626.6513805499499
AD2069,560.4503487920663
AD2070,-37.765406666261185
AD2071,937.5955943817846
AD2072,1164.5516638648369
AD2073,284.5309298054992
AD2074,665.3088402397138
AD2075,1083.204800807583
AD2076,1135.688465207223
AD2077,1035.464525376151
AD2078,459.76505430883844
AD2079,813.5194188812379
AD2080,512.4955484237372
AD2081,844.4449949682748
AD2082,99.0745974117408
AD2083,576.5588561743718
AD2084,1386.2922942947996
AD2085,387.37798070467954
AD2086,616.6923520512969
AD2087,679.4116903992651
AD2088,754.3367095872197
AD2089,606.1528248662094
AD2090,-249.88711672239685
AD2091,661.832834878468
AD2092,382.19027074041526
AD2093,511.52519234365445
AD2094,389.99769426078956
AD2095,286.5177355841938
AD2096,423.6127661712726
AD2097,508.4347138556816
AD2098,842.7556414583391
AD2099,239.07524736468724
AD2100,650.6542555302526
AD2101,1166.389630211415
AD2102,995.9069797038965
AD2103,894.8171338990383
AD2104,-48.271511232307205
AD2105,643.9270804889902
AD2106,70.15935493990128
AD2107,362.502287648682
AD2108,338.83931150468015
AD2109,67.79721848675604
AD2110,363.47333157187427
AD2111,873.0626719533905
AD2112,978.0995442079425
AD2113,1212.06975432844
AD2114,-252.20325733003875
AD2115,913.5885180099026
AD2116,1029.8739301857295
AD2117,416.8073317775139
AD2118,663.5840331488271
AD2119,533.9800932171095
AD2120,330.36583917789267
AD2121,-171.80029839114593
AD2122,752.9693110608762
AD2123,693.0605591807025
AD2124,1116.0782534382947
AD2125,639.9159547054978
AD2126,336.8648699597553
AD2127,74.56422402086162
AD2128,305.9379143092466
AD2129,152.16810120720504
AD2130,453.442293053444
AD2131,-306.01796440637804
AD2132,-161.34260005099787
AD2133,1067.6798494235095
AD2134,610.24787232574
AD2135,188.69894825792733
AD2136,759.4237106179801
AD2137,1066.9852374506456
AD2138,1133.504690293175
AD2139,592.9279225630678
AD2140,730.6657987823658
AD2141,784.3865372999944
AD2142,775.0947028701676
AD2143,901.2513389148914
AD2144,1304.2703224776396
AD2145,1060.61071017567
AD2146,561.4175231270726
AD2147,1010.6923040361398
AD2148,415.8075118881342
AD2149,517.2313802335548
AD2150,684.31622656544
AD2151,340.99136815521706
AD2152,553.993071562172
AD2153,533.9546689616841
AD2154,1073.5877118085123
AD2155,966.8646179380783
AD2156,323.56247817304825
AD2157,-101.6202728719918
AD2158,714.9448261607081
AD2159,725.0807088220738
AD2160,1058.8546634461838
AD2161,554.4573884045769
AD2162,697.3134501402344
AD2163,342.9513638772802
AD2164,733.0283588515963
AD2165,-71.62844472322269
AD2166,96.10211380697399
AD2167,1292.9973432952022
AD2168,530.3391390977364
AD2169,1031.2831822413439
AD2170,1140.6179883759714
AD2171,1.5287645678485546
AD2172,832.1984510879322
AD2173,919.6475426807574
AD2174,975.3769813573642
AD2175,112.5904834780714
AD2176,643.8097030384038
AD2177,1103.3377881838846
AD2178,476.236418560757
AD2179,1023.7259255066792
AD2180,972.9904421175177
AD2181,410.99559487434635
AD2182,180.09685011814008
AD2183,180.68465177946257
AD2184,845.8926734983218
AD2185,1011.0170064655829
AD2186,354.0410786131566
AD2187,337.7817050279824
AD2188,697.1964994267034
AD2189,497.98718765326134
AD2190,218.55467989725685
AD2191,1420.1934578284024
AD2192,727.2029207883647
AD2193,-79.17668469213675
AD2194,334.84909649357223
AD2195,330.7043166287067
AD2196,395.47504877202573
AD2197,389.0819355218065
AD2198,1239.8097410089383
AD2199,660.2190049750052
AD2200,646.1886860081829
AD2201,242.86614331906128
AD2202,1018.4251194287065
AD2203,319.98247808517476
AD2204,305.79070924191933
AD2205,607.1031538861503
AD2206,165.57994336372758
AD2207,216.37246928251625
AD2208,544.903929141524
AD2209,368.08254919087176
AD2210,275.22088895527804
AD2211,632.525829425399
AD2212,887.0720440951898
AD2213,429.15508341614986
AD2214,743.8461038340558
AD2215,101.87260971424973
AD2216,152.7426460986078
AD2217,756.8442492868726
AD2218,820.1292756399673
AD2219,782.5045557953781
AD2220,556.6298703033838
AD2221,431.34670391400346
AD2222,563.0498350198679
AD2223,642.6896995592679
AD2224,644.9772856820014
AD2225,256.6334862721749
AD2226,106.55878439553373
AD2227,414.76724621416156
AD2228,18.677975336182328
AD2229,282.06717344610706
AD2230,1296.6106005117942
AD2231,64.8856591907936
AD2232,698.5480238114451
AD2233,685.3225360212348
AD2234,1028.4237746378649
AD2235,438.137775655043
AD2236,221.48729319579274
AD2237,845.5700755659088
AD2238,244.06862073591617
AD2239,391.6790810489358
AD2240,239.25847802861392
AD2241,1324.986295528767
AD2242,-12.888013431150284
AD2243,207.77582791788677
AD2244,1140.476814428182
AD2245,30.537270225359748
AD2246,335.9609752241147
AD2247,233.76459778764502
AD2248,764.2684339502655
AD2249,609.8253579360876
AD2250,-110.67843405476981
AD2251,581.5479971070515
AD2252,969.1188319425528
AD2253,67.01238703770821
AD2254,362.22471699529694
AD2255,647.7818801745141
AD2256,797.6273018265317
AD2257,611.6581544066557
AD2258,686.0182832232497
AD2259,763.8045948869392
AD2260,206.53384576680276
AD2261,710.0743623415387
AD2262,46.951495505942944
AD2263,275.47642275911085
AD2264,381.1157302439743
AD2265,772.8160214346617
AD2266,983.5580649037736
AD2267,1384.6760093847374
AD2268,840.8069248638651
AD2269,375.2430978028243
AD2270,751.9697335694054
AD2271,777.768398879507
AD2272,700.2447756498909
AD2273,756.6147350163178
AD2274,149.81855144841597
AD2275,72.51677469710899
AD2276,765.8906935942564
AD2277,464.7829779564197
AD2278,436.90646604881715
AD2279,1523.9894430204365
AD2280,993.6462653459985
AD2281,388.23736514535574
AD2282,1328.51463686133
AD2283,20.57424213196441
AD2284,323.8071135319053
AD2285,439.5953933934684
AD2286,887.9417064638919
AD2287,592.2849096658035
AD2288,525.3168953185716
AD2289,856.0753358042316
AD2290,491.44760859022824
AD2291,278.15359913688667
AD2292,922.6001830044418
AD2293,167.14958111690237
AD2294,678.861372421904
AD2295,54.97372490614225
AD2296,-136.3546013532668
AD2297,818.7870133387005
AD2298,-2.3682192714484245
AD2299,1131.485049067488
AD2300,853.2415535726404
AD2301,226.57209430704518
AD2302,432.7980678686215
AD2303,543.1907167679849
AD2304,1037.3855357381256
AD2305,910.3379401217742
AD2306,645.3389385788644
AD2307,1237.5441359762915
AD2308,477.31140742086154
AD2309,256.3668616958954
AD2310,1110.8663425603029
AD2311,854.3091435991932
AD2312,447.8004802419929
AD2313,391.15214732258596
AD2314,761.4913239880973
AD2315,871.628733671148
AD2316,1035.4298821021976
AD2317,680.517444939871
AD2318,-23.347531080264048
AD2319,691.0461851448249
AD2320,953.0713462335386
AD2321,812.5014281229871
AD2322,655.9397783662935
AD2323,183.1303283240544
AD2324,193.13855834338563
AD2325,218.23604416793432
AD2326,958.815731213801
AD2327,423.0805085954854
AD2328,588.5546798983305
AD2329,537.1248299520996
AD2330,5.928623858612809
AD2331,0.6927714874375965
AD2332,591.8794018795088
AD2333,233.68886920868704
AD2334,-219.93601730462802
AD2335,329.4493460267662
AD2336,1142.8106569125455
AD2337,-75.8983341204243
AD2338,-1.8093315299862525
AD2339,888.387586732757
AD2340,-50.82836080106182
AD2341,556.0042877350077
AD2342,540.9935624050452
AD2343,1281.0736323221026
AD2344,248.05192450623952
AD2345,996.4797322370323
AD2346,451.65860422702576
AD2347,531.6182792532338
AD2348,34.992514336922454
AD2349,762.6299579029419
AD2350,1021.3737473142742
AD2351,636.1043361423592
AD2352,1230.0548062031014
AD2353,-40.62926492002583
AD2354,-4.381872464459377
AD2355,-300.6873564599275
AD2356,663.7496839255671
AD2357,-14.342008369395444
AD2358,118.94073872260321
AD2359,615.9371783736774
AD2360,1087.5129904251964
AD2361,132.28112437042773
AD2362,709.3220192196304
AD2363,398.0654593602261
AD2364,-131.73267470207344
AD2365,83.59460848630465
AD2366,369.65186252145327
AD2367,751.5640882492962
AD2368,-124.30210664655863
AD2369,405.295019017812
AD2370,134.67783107337675
AD2371,-12.192398072612605
AD2372,907.3194692299508
AD2373,-131.26567035055558
AD2374,353.58502430061935
AD2375,476.64337842675525
AD2376,676.134116480474
AD2377,859.3376563069762
AD2378,344.2742855470044
AD2379,-220.47912448747388
AD2380,579.9636251754816
AD2381,250.1984278417017
AD2382,-346.87630143872997
AD2383,313.7532339683444
AD2384,798.5747480212162
AD2385,624.4498810376779
AD2386,548.4050168209212
AD2387,619.8187219753149
AD2388,673.3679911237948
AD2389,286.64838785233815
AD2390,665.1071281952277
AD2391,1142.3160246475265
AD2392,122.30513721083389
AD2393,-576.3937729057905
AD2394,-548.430427028264
AD2395,-570.4109504445478
AD2396,-564.1613092352026
AD2397,-578.6716423694479
AD2398,-577.583128712542
AD2399,-568.6259925523809
AD2400,-586.1174039464411
AD2401,-572.0622600128398
AD2402,-570.0962250967359
AD2403,-560.1956550598413
AD2404,-583.0668480912844
AD2405,-580.9320234223879
AD2406,-560.7224602258888
AD2407,-581.2338441573511
AD2408,-564.6575139542933
AD2409,-580.1970020763324
AD2410,-553.8585976005716
AD2411,510.4645582747846
AD2412,683.0720085967841
AD2413,325.0018430258515
AD2414,1397.5952623110495
AD2415,688.1844623413474
AD2416,639.5798706181643
AD2417,694.6477555637816
AD2418,1009.8403020270277
AD2419,576.6441254107006
AD2420,789.8476569720553
AD2421,941.4971772364925
AD2422,343.7751545848986
AD2423,579.0409781136564
AD2424,421.9067569421219
AD2425,376.2200552554124
AD2426,713.2064834618955
AD2427,169.03284263761032
AD2428,767.0676220855455
AD2429,427.7627233710856
AD2430,605.129749655388
AD2431,967.1940873948192
AD2432,768.8738484450273
AD2433,33.79541479494992
AD2434,967.9531831335692
AD2435,1410.743781319822
AD2436,686.410145960089
AD2437,1111.3980210119257
AD2438,451.8938887806837
AD2439,-19.451595278537184
AD2440,432.18359820682224
AD2441,1127.1370537716364
AD2442,229.04508257474697
AD2443,-38.539853033795964
AD2444,523.5460424425169
AD2445,185.67463373497867
AD2446,242.75306371116324
AD2447,869.0533155681164
AD2448,695.4512359154428
AD2449,790.601046145752
AD2450,712.5022467206386
AD2451,393.97590577762855
AD2452,1303.0191468208031
AD2453,768.0457833444939
AD2454,419.53721449062937
AD2455,172.16009719308965
AD2456,208.67772311094984
AD2457,764.0284536619797
AD2458,1125.0988145118156
AD2459,305.6444035363337
AD2460,-127.19963871091187
AD2461,195.15043701158356
AD2462,296.3128011530448
AD2463,639.6898280420064
AD2464,109.63547750847238
AD2465,371.1844248382978
AD2466,633.5548489594748
AD2467,1298.844289474794
AD2468,743.2102273779026
AD2469,898.2675073419307
AD2470,691.8202501780675
AD2471,190.00395591342306
AD2472,-25.240411671774496
AD2473,807.3525703295693
AD2474,76.86181269954318
AD2475,595.4922305014552
AD2476,936.643263514504
AD2477,434.08429256623515
AD2478,-123.79851989395598
AD2479,670.2766154999586
AD2480,177.965018116711
AD2481,782.9050645441835
AD2482,342.60726925318306
AD2483,835.4669467741803
AD2484,-158.37797302536825
AD2485,791.4228255099881
AD2486,1359.5163056071444
AD2487,979.3515437866943
AD2488,-13.077769937265089
AD2489,1397.592864334964
AD2490,1242.971384522606
AD2491,970.710159376571
AD2492,572.0495565864346
AD2493,8.527453462400047
AD2494,-298.9443881586726
AD2495,468.5389960924706
AD2496,731.0562386196116
AD2497,745.5819160432839
AD2498,369.50667313202234
AD2499,726.6754615793554
AD2500,259.8231535834408
AD2501,686.8468736964439
AD2502,682.4881453011742
AD2503,971.8401976648126
AD2504,1133.348739275005
AD2505,106.31209723361803
AD2506,661.0601131163544
AD2507,690.0724422892001
AD2508,955.9620743763885
AD2509,82.9770367538647
AD2510,474.4583345827608
AD2511,670.8166013202499
AD2512,629.0600725802469
AD2513,354.87054889886804
AD2514,387.8130528009136
AD2515,553.0001627864585
AD2516,904.3538288043608
AD2517,423.07792762831036
AD2518,750.8477292868095
AD2519,255.63392449122932
AD2520,829.6346498163593
AD2521,63.3453202077161
AD2522,1085.8374262844936
AD2523,1392.3490138792486
AD2524,218.94347614488117
AD2525,1170.9403153873507
AD2526,1318.7265883323798
AD2527,1072.8897139621524
AD2528,784.147933660794
AD2529,569.457728354573
AD2530,339.4954244179887
AD2531,375.4498747738911
AD2532,543.4424029983686
AD2533,800.3617227872396
AD2534,856.5062668144274
AD2535,-29.45144580281169
AD2536,413.9898790953115
AD2537,1028.5643822676416
AD2538,185.52170697014014
AD2539,-229.25191967197696
AD2540,1079.0706808675698
AD2541,88.50160399473168
AD2542,1032.2130538806703
AD2543,364.0509113729056
AD2544,1068.516933257098
AD2545,-195.54550254264223
AD2546,909.1909405682802
AD2547,937.8920383868196
AD2548,-584.4115797537436
AD2549,709.8955162875495
AD2550,431.29081141483323
AD2551,493.35625327282105
AD2552,742.7185696043164
AD2553,279.3775286758329
AD2554,551.6655086869255
AD2555,513.1640006159967
AD2556,0.7406846074342184
AD2557,1097.8327247888667
AD2558,640.9910090256346
AD2559,471.4839766038434
AD2560,1220.011523381081
AD2561,1299.2135290258607
AD2562,870.763799184806
AD2563,842.9703338575455
AD2564,388.60545162852134
AD2565,1171.639031485808
AD2566,602.665574230138
AD2567,1243.4338350927312
AD2568,1256.9533989130373
AD2569,384.40697387074385
AD2570,-577.3755755100716
AD2571,-592.5938939720995
AD2572,-563.7573740570498
AD2573,-239.40500238508417
AD2574,279.1253634296478
AD2575,638.5386295264016
AD2576,182.46507895785396
AD2577,900.6389711330105
AD2578,696.0173923885684
AD2579,356.2051999927671
AD2580,680.2782187708165
AD2581,482.9622014799828
AD2582,1043.03575605111
AD2583,951.2198000252458
AD2584,571.6781264159515
AD2585,643.7686624937749
AD2586,568.2913483314412
AD2587,-230.9871242981614
AD2588,927.9173005072191
AD2589,655.4274898536353
AD2590,780.9962844078536
AD2591,777.3630434139386
AD2592,199.79683682295217
AD2593,-194.65299628506682
AD2594,732.4454310571332
AD2595,750.9742705222584
AD2596,450.16093650504445
AD2597,223.12394649739838
AD2598,1338.630103385111
AD2599,760.9933058563802
AD2600,600.8415718460296
AD2601,-6.404275417366932
AD2602,564.2339198930106
AD2603,149.13056308210935
AD2604,1036.4375858467595
AD2605,724.8155934975603
AD2606,385.9642110112925
AD2607,706.408193524195
AD2608,298.76639586972533
AD2609,391.51076280552195
AD2610,1410.63440458617
AD2611,733.3824564014826
AD2612,260.85636866283335
AD2613,713.2126513215421
AD2614,203.14111614192598
AD2615,-318.6950103260549
AD2616,213.27116908006178
AD2617,603.5387071582275
AD2618,406.4020100810286
AD2619,615.0381770242341
AD2620,151.70901520422603
AD2621,955.8687444035822
AD2622,527.4356760961571
AD2623,1003.5456134318849
AD2624,1041.7572521021302
AD2625,1471.2219145708877
AD2626,758.1090709291416
AD2627,872.0852110780231
AD2628,380.4984399845981
AD2629,1229.427537892986
AD2630,476.196269287576
AD2631,804.1849687597455
AD2632,319.7314995369445
AD2633,723.3060922907382
AD2634,587.0247691234952
AD2635,61.76498096461705
AD2636,808.7624283990272
AD2637,981.3549651863389
AD2638,-84.40428683983902
AD2639,93.54749706221264
AD2640,1155.5250269762043
AD2641,1035.584283109836
AD2642,1004.5838923977781
AD2643,-343.0027460116985
AD2644,453.11900056015077
AD2645,1403.1129573455023
AD2646,788.9728565953578
AD2647,831.8629799445573
AD2648,-25.774830000680026
AD2649,1017.9771775492227
AD2650,1150.3483151927771
AD2651,816.5042588159042
AD2652,576.0011309289509
AD2653,967.2329992127493
AD2654,1367.4230910556091
AD2655,57.66391611489246
AD2656,574.811911712266
AD2657,359.611694093182
AD2658,840.1884809280116
AD2659,945.4392908225698
AD2660,184.01564678374223
AD2661,616.2130481491524
AD2662,1138.4760446299993
AD2663,1190.7255760306616
AD2664,544.3148566473149
AD2665,-114.07593616966392
AD2666,763.8134922022246
AD2667,763.5117498790744
AD2668,1370.011115934919
AD2669,183.05624805441096
AD2670,-20.240117023195808
AD2671,620.5509954050694
AD2672,976.7983828142701
AD2673,68.12085186785214
AD2674,642.2821671197546
AD2675,463.9445446948407
AD2676,-160.26140320667082
AD2677,723.2661849781618
AD2678,16.688869899896304
AD2679,1085.654732179821
AD2680,675.4990596915468
AD2681,1052.9613665779202
AD2682,271.5608592633913
AD2683,638.1197811749146
AD2684,189.0947958347682
AD2685,66.68282459304942
AD2686,695.8529854668568
AD2687,951.1105673895922
AD2688,1055.187386451343
AD2689,766.2273786855392
AD2690,351.71019125067687
AD2691,755.1756758996867
AD2692,370.3253352319729
AD2693,672.4815499669896
AD2694,1264.4022732238634
AD2695,205.22059130754792
AD2696,98.852255424237
AD2697,444.565003079137
AD2698,413.93177346343987
AD2699,-119.31106420093914
AD2700,438.4208238716195
AD2701,129.4930368207306
AD2702,591.1025474918954
AD2703,-153.98049830209482
AD2704,705.2319116645322
AD2705,1071.2950527886462
AD2706,569.2686601833259
AD2707,125.48144470514148
AD2708,-130.60484919869901
AD2709,1071.4189394248956
AD2710,1328.358456202563
AD2711,513.558087446932
AD2712,772.7279512418802
AD2713,1202.7764070761334
AD2714,371.3347620961446
AD2715,245.8673465823979
AD2716,772.0130603592902
AD2717,1052.6755137643543
AD2718,273.7457945855392
AD2719,156.1949282635037
AD2720,1072.2104878264788
AD2721,578.8386880397322
AD2722,249.30360559720225
AD2723,-237.43643088488767
AD2724,227.60031257684284
AD2725,502.82683236312414
AD2726,513.6982637298825
AD2727,225.33098426286017
AD2728,499.32425938150993
AD2729,371.10034846776443
AD2730,1118.7065509729396
AD2731,354.93316190268627
AD2732,-173.61911107387783
AD2733,1041.2422803827055
AD2734,197.18453645772354
AD2735,-564.3945497903278
AD2736,-560.3148511476464
AD2737,587.7342499687697
AD2738,1158.7010365940955
